-- --------------------------------------------------------
-- Host:                         127.0.0.1
-- Server version:               5.7.17-log - MySQL Community Server (GPL)
-- Server OS:                    Win64
-- HeidiSQL Version:             9.5.0.5196
-- --------------------------------------------------------

/*!40101 SET @OLD_CHARACTER_SET_CLIENT=@@CHARACTER_SET_CLIENT */;
/*!40101 SET NAMES utf8 */;
/*!50503 SET NAMES utf8mb4 */;
/*!40014 SET @OLD_FOREIGN_KEY_CHECKS=@@FOREIGN_KEY_CHECKS, FOREIGN_KEY_CHECKS=0 */;
/*!40101 SET @OLD_SQL_MODE=@@SQL_MODE, SQL_MODE='NO_AUTO_VALUE_ON_ZERO' */;


-- Dumping database structure for recsys
DROP DATABASE IF EXISTS `recsys`;
CREATE DATABASE IF NOT EXISTS `recsys` /*!40100 DEFAULT CHARACTER SET utf8 COLLATE utf8_unicode_ci */;
USE `recsys`;

-- Dumping structure for table recsys.category
DROP TABLE IF EXISTS `category`;
CREATE TABLE IF NOT EXISTS `category` (
  `id` int(11) NOT NULL AUTO_INCREMENT,
  `name` varchar(20) COLLATE utf8_unicode_ci NOT NULL DEFAULT '',
  `icon_url` varchar(200) COLLATE utf8_unicode_ci NOT NULL DEFAULT '',
  `sort` int(11) NOT NULL DEFAULT '0',
  `created` datetime NOT NULL DEFAULT CURRENT_TIMESTAMP,
  `updated` datetime NOT NULL DEFAULT CURRENT_TIMESTAMP ON UPDATE CURRENT_TIMESTAMP,
  PRIMARY KEY (`id`),
  UNIQUE KEY `name` (`name`)
) ENGINE=InnoDB AUTO_INCREMENT=9 DEFAULT CHARSET=utf8 COLLATE=utf8_unicode_ci;

-- Dumping data for table recsys.category: ~8 rows (approximately)
DELETE FROM `category`;
/*!40000 ALTER TABLE `category` DISABLE KEYS */;
INSERT INTO `category` (`id`, `name`, `icon_url`, `sort`, `created`, `updated`) VALUES
	(1, '美食', '../../static/image/firstpage/food_u.png', 99, '2020-01-06 15:33:37', '2020-01-22 16:54:28'),
	(2, '酒店', '../../static/image/firstpage/snack_u.png', 98, '2020-01-06 15:34:34', '2020-01-06 15:34:34'),
	(3, '休闲娱乐', '../../static/image/firstpage/bar_o.png', 97, '2020-01-06 15:36:36', '2020-01-06 15:36:36'),
	(4, '结婚', '../../static/image/firstpage/jiehun.png', 96, '2020-01-06 15:37:09', '2020-01-06 15:37:09'),
	(5, '足疗按摩', '../../static/image/firstpage/zuliao.png', 96, '2020-01-06 15:37:31', '2020-01-06 15:37:31'),
	(6, 'KTV', '../../static/image/firstpage/ktv_u.png', 95, '2020-01-06 15:37:49', '2020-01-06 15:37:49'),
	(7, '景点', '../../static/image/firstpage/jingdian.png', 94, '2020-01-06 15:38:14', '2020-01-06 15:38:14'),
	(8, '丽人', '../../static/image/firstpage/liren.png', 93, '2020-01-06 15:38:35', '2020-01-06 15:38:35');
/*!40000 ALTER TABLE `category` ENABLE KEYS */;

-- Dumping structure for table recsys.recommend
DROP TABLE IF EXISTS `recommend`;
CREATE TABLE IF NOT EXISTS `recommend` (
  `id` int(11) NOT NULL,
  `recommend` varchar(200) COLLATE utf8_unicode_ci DEFAULT '',
  PRIMARY KEY (`id`)
) ENGINE=InnoDB DEFAULT CHARSET=utf8 COLLATE=utf8_unicode_ci;

-- Dumping data for table recsys.recommend: ~1 rows (approximately)
DELETE FROM `recommend`;
/*!40000 ALTER TABLE `recommend` DISABLE KEYS */;
INSERT INTO `recommend` (`id`, `recommend`) VALUES
	(99999, '1,2,3,4,5,6,7,8,9,10,11,12,13,14,15,16');
/*!40000 ALTER TABLE `recommend` ENABLE KEYS */;

-- Dumping structure for table recsys.seller
DROP TABLE IF EXISTS `seller`;
CREATE TABLE IF NOT EXISTS `seller` (
  `id` int(11) NOT NULL AUTO_INCREMENT,
  `name` varchar(50) COLLATE utf8_unicode_ci DEFAULT '',
  `created` datetime DEFAULT CURRENT_TIMESTAMP,
  `updated` datetime DEFAULT CURRENT_TIMESTAMP ON UPDATE CURRENT_TIMESTAMP,
  `remark_score` decimal(2,1) DEFAULT '0.0',
  `disabled_flag` int(11) DEFAULT '0' COMMENT '0表示启用',
  PRIMARY KEY (`id`)
) ENGINE=InnoDB AUTO_INCREMENT=27 DEFAULT CHARSET=utf8 COLLATE=utf8_unicode_ci;

-- Dumping data for table recsys.seller: ~26 rows (approximately)
DELETE FROM `seller`;
/*!40000 ALTER TABLE `seller` DISABLE KEYS */;
INSERT INTO `seller` (`id`, `name`, `created`, `updated`, `remark_score`, `disabled_flag`) VALUES
	(1, '江苏和府餐饮管理有限公司', '2020-01-06 13:24:14', '2020-01-06 13:24:14', 2.5, 0),
	(2, '北京烤鸭有限公司', '2020-01-06 13:24:14', '2020-01-06 13:24:14', 2.0, 0),
	(3, '合肥食品制造有限公司', '2020-01-06 13:24:14', '2020-01-06 13:24:14', 2.6, 0),
	(4, '青岛啤酒厂', '2020-01-06 13:24:14', '2020-01-06 13:24:14', 0.9, 0),
	(5, '杭州轻食有限公司', '2020-01-06 13:24:14', '2020-01-06 13:24:14', 3.0, 0),
	(6, '九竹食品加工公司', '2020-01-06 13:24:14', '2020-01-06 13:24:14', 5.0, 0),
	(7, '奔潮食品加工公司', '2020-01-06 13:24:14', '2020-01-06 13:24:14', 2.7, 0),
	(8, '百沐食品加工公司', '2020-01-06 13:24:14', '2020-01-06 13:24:14', 2.0, 0),
	(9, '韩蒂衣食品加工公司', '2020-01-06 13:24:14', '2020-01-06 13:24:14', 1.5, 0),
	(10, '城外食品加工公司', '2020-01-06 13:24:14', '2020-01-06 13:24:14', 1.8, 0),
	(11, '雪兔食品加工公司', '2020-01-06 13:24:14', '2020-01-06 13:24:14', 4.6, 0),
	(12, '琳德食品公司', '2020-01-06 13:24:14', '2020-01-06 13:24:14', 5.0, 0),
	(13, '深圳市盛华莲蓉食品厂', '2020-01-06 13:24:14', '2020-01-06 13:24:14', 0.7, 0),
	(14, '桂林聚德苑食品有限公司', '2020-01-06 13:24:14', '2020-01-06 13:24:14', 5.0, 0),
	(15, '天津达瑞仿真蛋糕模型厂', '2020-01-06 13:24:14', '2020-01-06 13:24:14', 1.7, 0),
	(16, '上海镭德杰喷码技术有限公司', '2020-01-06 13:24:14', '2020-01-06 13:24:14', 5.0, 0),
	(17, '凯悦饭店集团', '2020-01-06 13:24:28', '2020-01-06 13:24:28', 3.0, 0),
	(18, '卡尔森环球酒店公司', '2020-01-06 13:24:28', '2020-01-06 13:24:28', 3.1, 0),
	(19, '喜达屋酒店集团', '2020-01-06 13:24:28', '2020-01-06 13:24:28', 0.2, 0),
	(20, '最佳西方国际集团', '2020-01-06 13:24:28', '2020-01-06 13:24:28', 3.8, 0),
	(21, '精品国际饭店公司', '2020-01-06 13:24:28', '2020-01-06 13:24:28', 0.2, 0),
	(22, '希尔顿集团', '2020-01-06 13:24:28', '2020-01-06 13:24:28', 1.7, 0),
	(23, '雅高集团', '2020-01-06 13:24:28', '2020-01-06 13:24:28', 1.8, 0),
	(24, '万豪国际集团', '2020-01-06 13:24:28', '2020-01-06 13:24:28', 4.1, 0),
	(25, '胜腾酒店集团', '2020-01-06 13:24:28', '2020-01-06 13:24:28', 3.0, 0),
	(26, '洲际酒店集团', '2020-01-06 13:24:28', '2020-01-06 13:24:28', 2.8, 0);
/*!40000 ALTER TABLE `seller` ENABLE KEYS */;

-- Dumping structure for table recsys.shop
DROP TABLE IF EXISTS `shop`;
CREATE TABLE IF NOT EXISTS `shop` (
  `id` int(11) NOT NULL AUTO_INCREMENT,
  `created` datetime DEFAULT CURRENT_TIMESTAMP,
  `updated` datetime DEFAULT CURRENT_TIMESTAMP ON UPDATE CURRENT_TIMESTAMP,
  `name` varchar(50) COLLATE utf8_unicode_ci DEFAULT '',
  `remark_score` decimal(2,1) DEFAULT '0.0' COMMENT '评分',
  `price_per_man` int(11) DEFAULT '0',
  `latitude` decimal(10,6) DEFAULT '0.000000' COMMENT '纬度',
  `longitude` decimal(10,6) DEFAULT '0.000000' COMMENT '经度',
  `category_id` int(11) DEFAULT '0' COMMENT '门店类型',
  `tags` varchar(2000) COLLATE utf8_unicode_ci DEFAULT '' COMMENT '门店标签',
  `start_time` varchar(200) COLLATE utf8_unicode_ci DEFAULT '' COMMENT '营业时间',
  `end_time` varchar(200) COLLATE utf8_unicode_ci DEFAULT '' COMMENT '结业时间',
  `address` varchar(200) COLLATE utf8_unicode_ci DEFAULT '',
  `seller_id` int(11) DEFAULT '0' COMMENT '商户ID',
  `icon_url` varchar(200) COLLATE utf8_unicode_ci DEFAULT '',
  PRIMARY KEY (`id`)
) ENGINE=InnoDB AUTO_INCREMENT=501 DEFAULT CHARSET=utf8 COLLATE=utf8_unicode_ci;

-- Dumping data for table recsys.shop: ~416 rows (approximately)
DELETE FROM `shop`;
/*!40000 ALTER TABLE `shop` DISABLE KEYS */;
INSERT INTO `shop` (`id`, `created`, `updated`, `name`, `remark_score`, `price_per_man`, `latitude`, `longitude`, `category_id`, `tags`, `start_time`, `end_time`, `address`, `seller_id`, `icon_url`) VALUES
	(1, '2020-01-06 13:28:59', '2020-01-21 22:25:11', '和府捞面(正大乐城店)', 4.9, 156, 31.195341, 120.915855, 1, '新开业 人气爆棚', '10:00', '22:00', '船厂路36号', 1, '../../static/image/shopcover/xchg.jpg'),
	(2, '2020-01-06 13:28:59', '2020-01-06 13:28:59', '和府捞面(飞洲国际店)', 0.4, 79, 31.189323, 121.443550, 1, '强烈推荐要点小食', '10:00', '22:00', '零陵路899号', 1, '../../static/image/shopcover/zoocoffee.jpg'),
	(3, '2020-01-06 13:28:59', '2020-01-06 13:28:59', '和府捞面(百脑汇店)', 4.7, 101, 31.189323, 121.443550, 1, '有大桌 有WIFI', '10:00', '22:00', '漕溪北路339号', 1, '../../static/image/shopcover/six.jpg'),
	(4, '2020-01-06 13:28:59', '2020-01-06 13:28:59', '花悦庭果木烤鸭', 2.0, 152, 31.306419, 121.524878, 1, '落地大窗 有WIFI', '11:00', '21:00', '翔殷路1099号', 2, '../../static/image/shopcover/yjbf.jpg'),
	(5, '2020-01-06 13:28:59', '2020-01-06 13:28:59', '德泰丰北京烤鸭', 2.3, 187, 31.305236, 121.519875, 1, '五花肉味道', '11:00', '21:00', '邯郸路国宾路路口', 2, '../../static/image/shopcover/jbw.jpg'),
	(6, '2020-01-06 13:28:59', '2020-01-06 13:28:59', '烧肉居酒屋', 2.3, 78, 31.306419, 121.524878, 1, '有包厢', '11:00', '21:00', '翔殷路1099号', 4, '../../static/image/shopcover/mwsk.jpg'),
	(7, '2020-01-06 13:28:59', '2020-01-06 13:28:59', '西界', 4.7, 100, 31.309411, 121.515074, 1, '帅哥多', '11:00', '21:00', '大学路246号', 4, '../../static/image/shopcover/lsy.jpg'),
	(8, '2020-01-06 13:28:59', '2020-01-06 13:28:59', 'LAVA酒吧', 2.0, 152, 31.308370, 121.521360, 1, '帅哥多', '11:00', '21:00', '淞沪路98号', 4, '../../static/image/shopcover/jtyjj.jpg'),
	(9, '2020-01-06 13:28:59', '2020-01-06 13:28:59', '凯悦酒店', 2.2, 176, 31.306172, 121.525843, 2, '落地大窗', '11:00', '21:00', '国定东路88号', 17, '../../static/image/shopcover/dfjzw.jpg'),
	(10, '2020-01-06 13:28:59', '2020-01-06 13:28:59', '凯悦嘉轩酒店', 0.5, 182, 31.196742, 121.322846, 2, '自助餐', '11:00', '21:00', '申虹路9号', 17, '../../static/image/shopcover/secretroom09.jpg'),
	(11, '2020-01-06 13:28:59', '2020-01-06 13:28:59', '新虹桥凯悦酒店', 1.0, 74, 31.156899, 121.238362, 2, '自助餐', '11:00', '21:00', '沪青平公路2799弄', 17, '../../static/image/shopcover/secretroom08.jpg'),
	(12, '2020-01-06 13:28:59', '2020-01-06 13:28:59', '凯悦咖啡(新建西路店)', 2.0, 71, 30.679819, 121.651921, 1, '有包厢', '11:00', '21:00', '南桥环城西路665号', 17, '../../static/image/shopcover/secretroom07.jpg'),
	(13, '2020-01-06 13:28:59', '2020-01-06 13:28:59', '上海虹桥元希尔顿酒店', 4.5, 96, 31.193517, 121.401270, 2, '2019年上海必住酒店', '11:00', '21:00', '红松东路1116号', 22, '../../static/image/shopcover/secretroom06.jpg'),
	(14, '2020-01-06 13:28:59', '2020-01-06 13:28:59', '国家会展中心希尔顿欢朋酒店', 1.7, 176, 30.953049, 121.053774, 2, '高档', '11:00', '21:00', '华漕镇盘阳路59弄', 22, '../../static/image/shopcover/secretroom05.jpg'),
	(15, '2020-01-06 13:28:59', '2020-01-06 13:28:59', '上海绿地万豪酒店', 4.1, 187, 31.197688, 121.479098, 2, '高档', '11:00', '21:00', '江滨路99号', 23, '../../static/image/shopcover/secretroom04.jpg'),
	(16, '2020-01-06 13:28:59', '2020-01-06 13:28:59', '上海宝华万豪酒店', 3.0, 163, 31.285934, 121.452481, 2, '高档', '11:00', '21:00', '广中西路333号', 23, '../../static/image/shopcover/secretroom03.jpg'),
	(101, '2020-01-21 23:11:11', '2020-01-21 23:11:11', '鸢尾天空法餐厅iris le ciel', 0.7, 380, 0.000000, 0.000000, 1, '', '11:00', '21:00', '', 2, ''),
	(102, '2020-01-21 23:11:11', '2020-01-21 23:11:11', '上海滩餐厅（BFC外滩金融中心店）', 2.5, 488, 0.000000, 0.000000, 1, '', '11:00', '21:00', '', 2, ''),
	(103, '2020-01-21 23:11:11', '2020-01-21 23:11:11', '一盐堂本帮菜', 4.3, 81, 0.000000, 0.000000, 1, '', '11:00', '21:00', '', 2, ''),
	(104, '2020-01-21 23:11:11', '2020-01-21 23:11:11', '三生小馆', 2.0, 35, 0.000000, 0.000000, 1, '', '11:00', '21:00', '', 2, ''),
	(105, '2020-01-21 23:11:11', '2020-01-21 23:11:11', '無二炭火烧肉', 2.9, 82, 0.000000, 0.000000, 1, '', '11:00', '21:00', '', 2, ''),
	(106, '2020-01-21 23:11:11', '2020-01-21 23:11:11', '胖哥俩肉蟹煲（百联南桥购物中心店）', 2.8, 68, 0.000000, 0.000000, 1, '', '11:00', '21:00', '', 2, ''),
	(107, '2020-01-21 23:11:11', '2020-01-21 23:11:11', '暗恋桃花源（中山公园龙之梦店）', 5.3, 76, 0.000000, 0.000000, 1, '', '11:00', '21:00', '', 2, ''),
	(108, '2020-01-21 23:11:11', '2020-01-21 23:11:11', 'hlk饿龙（K11店）', 0.1, 123, 0.000000, 0.000000, 1, '', '11:00', '21:00', '', 2, ''),
	(109, '2020-01-21 23:11:11', '2020-01-21 23:11:11', '本色我家酸菜鱼（保利悦活荟店）', 2.6, 88, 0.000000, 0.000000, 1, '', '11:00', '21:00', '', 2, ''),
	(110, '2020-01-21 23:11:11', '2020-01-21 23:11:11', '苏蟹阁阳澄湖大闸蟹（静安大悦城店）', 0.6, 588, 0.000000, 0.000000, 1, '', '11:00', '21:00', '', 2, ''),
	(111, '2020-01-21 23:11:11', '2020-01-21 23:11:11', '吴老幺火锅（顾村店）', 1.3, 66, 0.000000, 0.000000, 1, '', '11:00', '21:00', '', 2, ''),
	(112, '2020-01-21 23:11:11', '2020-01-21 23:11:11', '沪上人家·融合菜（保利悦活荟店）', 4.5, 77, 0.000000, 0.000000, 1, '', '11:00', '21:00', '', 2, ''),
	(113, '2020-01-21 23:11:11', '2020-01-21 23:11:11', '拉祜纳云南时尚餐厅', 0.6, 104, 0.000000, 0.000000, 1, '', '11:00', '21:00', '', 2, ''),
	(114, '2020-01-21 23:11:11', '2020-01-21 23:11:11', 'COMMUNE（五角场店）', 1.4, 91, 0.000000, 0.000000, 1, '', '11:00', '21:00', '', 2, ''),
	(115, '2020-01-21 23:11:11', '2020-01-21 23:11:11', '暗恋桃花源（大宁国际店）', 5.3, 76, 0.000000, 0.000000, 1, '', '11:00', '21:00', '', 2, ''),
	(116, '2020-01-21 23:11:11', '2020-01-21 23:11:11', '波士顿海鲜自助餐厅（浦江店）', 4.3, 110, 0.000000, 0.000000, 1, '', '11:00', '21:00', '', 2, ''),
	(117, '2020-01-21 23:11:11', '2020-01-21 23:11:11', '呷哺呷哺（白玉兰广场店）', 5.8, 80, 0.000000, 0.000000, 1, '', '11:00', '21:00', '', 2, ''),
	(118, '2020-01-21 23:11:11', '2020-01-21 23:11:11', '满湘汇（青浦宝龙店）', 3.8, 85, 0.000000, 0.000000, 1, '', '11:00', '21:00', '', 2, ''),
	(119, '2020-01-21 23:11:11', '2020-01-21 23:11:11', '胖哥俩肉蟹煲（青浦宝龙店）', 1.8, 74, 0.000000, 0.000000, 1, '', '11:00', '21:00', '', 2, ''),
	(120, '2020-01-21 23:11:11', '2020-01-21 23:11:11', '遇见小龙虾（松江店）', 3.5, 81, 0.000000, 0.000000, 1, '', '11:00', '21:00', '', 2, ''),
	(121, '2020-01-21 23:11:11', '2020-01-21 23:11:11', '85度C（南乐路店）', 0.2, 26, 0.000000, 0.000000, 1, '', '11:00', '21:00', '', 2, ''),
	(122, '2020-01-21 23:11:11', '2020-01-21 23:11:11', '阿细茶餐厅', 2.3, 119, 0.000000, 0.000000, 1, '', '11:00', '21:00', '', 2, ''),
	(123, '2020-01-21 23:11:11', '2020-01-21 23:11:11', '上海小南国（老码头店）', 4.9, 174, 0.000000, 0.000000, 1, '', '11:00', '21:00', '', 2, ''),
	(124, '2020-01-21 23:11:11', '2020-01-21 23:11:11', '韩宫宴（合生汇店）', 5.6, 103, 0.000000, 0.000000, 1, '', '11:00', '21:00', '', 2, ''),
	(125, '2020-01-21 23:11:11', '2020-01-21 23:11:11', '曼游记泰国街头美食（三林印象城店）', 1.3, 90, 0.000000, 0.000000, 1, '', '11:00', '21:00', '', 2, ''),
	(126, '2020-01-21 23:11:11', '2020-01-21 23:11:11', '点都德（龙之梦店）', 1.9, 107, 0.000000, 0.000000, 1, '', '11:00', '21:00', '', 2, ''),
	(127, '2020-01-21 23:11:11', '2020-01-21 23:11:11', '肥妈澳门美食（打浦桥店）', 5.4, 56, 0.000000, 0.000000, 1, '', '11:00', '21:00', '', 2, ''),
	(128, '2020-01-21 23:11:11', '2020-01-21 23:11:11', '火上签烧烤（宝龙广场店）', 3.5, 93, 0.000000, 0.000000, 1, '', '11:00', '21:00', '', 2, ''),
	(129, '2020-01-21 23:11:11', '2020-01-21 23:11:11', '大东北', 1.0, 54, 0.000000, 0.000000, 1, '', '11:00', '21:00', '', 2, ''),
	(130, '2020-01-21 23:11:11', '2020-01-21 23:11:11', '吴老幺火锅（金汇店）', 0.8, 51, 0.000000, 0.000000, 1, '', '11:00', '21:00', '', 2, ''),
	(131, '2020-01-21 23:11:11', '2020-01-21 23:11:11', '華人囍串分公司', 1.1, 89, 0.000000, 0.000000, 1, '', '11:00', '21:00', '', 2, ''),
	(132, '2020-01-21 23:11:11', '2020-01-21 23:11:11', '悦泰（金茂店）', 2.9, 234, 0.000000, 0.000000, 1, '', '11:00', '21:00', '', 2, ''),
	(133, '2020-01-21 23:11:11', '2020-01-21 23:11:11', '汉堡王（凯德星贸店）', 5.4, 32, 0.000000, 0.000000, 1, '', '11:00', '21:00', '', 2, ''),
	(134, '2020-01-21 23:11:11', '2020-01-21 23:11:11', '胡桃里音乐酒馆（杨浦店）', 0.1, 149, 0.000000, 0.000000, 1, '', '11:00', '21:00', '', 2, ''),
	(135, '2020-01-21 23:11:11', '2020-01-21 23:11:11', '青瓦房韩国料理（龙湖虹桥天街店）', 2.5, 87, 0.000000, 0.000000, 1, '', '11:00', '21:00', '', 2, ''),
	(136, '2020-01-21 23:11:11', '2020-01-21 23:11:11', '巴四老城区炭火蛙锅（大悦城店）', 0.0, 110, 0.000000, 0.000000, 1, '', '11:00', '21:00', '', 2, ''),
	(137, '2020-01-21 23:11:11', '2020-01-21 23:11:11', '上海小南国（迪士尼小镇店）', 4.6, 179, 0.000000, 0.000000, 1, '', '11:00', '21:00', '', 2, ''),
	(138, '2020-01-21 23:11:11', '2020-01-21 23:11:11', '上海小南国（不夜城店）', 5.2, 170, 0.000000, 0.000000, 1, '', '11:00', '21:00', '', 2, ''),
	(139, '2020-01-21 23:11:11', '2020-01-21 23:11:11', '正宗湖南牛肉粉（花木美食城店）', 5.9, 21, 0.000000, 0.000000, 1, '', '11:00', '21:00', '', 2, ''),
	(140, '2020-01-21 23:11:11', '2020-01-21 23:11:11', '黄鱼馆Jhouse（外滩店）', 1.8, 496, 0.000000, 0.000000, 1, '', '11:00', '21:00', '', 2, ''),
	(141, '2020-01-21 23:11:11', '2020-01-21 23:11:11', '渝利火锅（开元地中海店）', 3.4, 100, 0.000000, 0.000000, 1, '', '11:00', '21:00', '', 2, ''),
	(142, '2020-01-21 23:11:11', '2020-01-21 23:11:11', '炉得香·北京烤鸭火锅（汶水路店）', 5.8, 100, 0.000000, 0.000000, 1, '', '11:00', '21:00', '', 2, ''),
	(143, '2020-01-21 23:11:11', '2020-01-21 23:11:11', '双喜楼·粤菜', 0.7, 109, 0.000000, 0.000000, 1, '', '11:00', '21:00', '', 2, ''),
	(144, '2020-01-21 23:11:11', '2020-01-21 23:11:11', '紫霞门韩国料理', 4.1, 132, 0.000000, 0.000000, 1, '', '11:00', '21:00', '', 2, ''),
	(145, '2020-01-21 23:11:11', '2020-01-21 23:11:11', '蒸嗨啦蒸汽海鲜主题餐厅（浦江城市生活广场店）', 0.2, 128, 0.000000, 0.000000, 1, '', '11:00', '21:00', '', 2, ''),
	(146, '2020-01-21 23:11:11', '2020-01-21 23:11:11', '牛莽莽四川火锅（浦江店）', 0.8, 124, 0.000000, 0.000000, 1, '', '11:00', '21:00', '', 2, ''),
	(147, '2020-01-21 23:11:11', '2020-01-21 23:11:11', '翠蝶（百联世纪店）', 3.6, 102, 0.000000, 0.000000, 1, '', '11:00', '21:00', '', 2, ''),
	(148, '2020-01-21 23:11:11', '2020-01-21 23:11:11', '沪小胖（淮海中路旗舰店）', 3.6, 198, 0.000000, 0.000000, 1, '', '11:00', '21:00', '', 2, ''),
	(149, '2020-01-21 23:11:11', '2020-01-21 23:11:11', '爵顶牛新式烤肉（张江店）', 0.9, 92, 0.000000, 0.000000, 1, '', '11:00', '21:00', '', 2, ''),
	(150, '2020-01-21 23:11:11', '2020-01-21 23:11:11', '青春贝壳韩国烤肉', 5.9, 80, 0.000000, 0.000000, 1, '', '11:00', '21:00', '', 2, ''),
	(151, '2020-01-21 23:11:11', '2020-01-21 23:11:11', '亦锅亦笼塔吉锅料理', 2.6, 58, 0.000000, 0.000000, 1, '', '11:00', '21:00', '', 2, ''),
	(152, '2020-01-21 23:11:11', '2020-01-21 23:11:11', '火焰山海鲜烤肉', 1.6, 95, 0.000000, 0.000000, 1, '', '11:00', '21:00', '', 2, ''),
	(153, '2020-01-21 23:11:11', '2020-01-21 23:11:11', '寻味香派（泗泾店）', 0.1, 17, 0.000000, 0.000000, 1, '', '11:00', '21:00', '', 2, ''),
	(154, '2020-01-21 23:11:11', '2020-01-21 23:11:11', '大渝火锅（仲盛世界商城店）', 1.9, 107, 0.000000, 0.000000, 1, '', '11:00', '21:00', '', 2, ''),
	(155, '2020-01-21 23:11:11', '2020-01-21 23:11:11', '左庭右院鲜牛肉火锅（汇智广场店）', 2.9, 128, 0.000000, 0.000000, 1, '', '11:00', '21:00', '', 2, ''),
	(156, '2020-01-21 23:11:11', '2020-01-21 23:11:11', '鼎晟坊龙虾·烧烤', 2.8, 97, 0.000000, 0.000000, 1, '', '11:00', '21:00', '', 2, ''),
	(157, '2020-01-21 23:11:12', '2020-01-21 23:11:12', 'Monkey King曼极金（晶品店）', 5.4, 150, 0.000000, 0.000000, 1, '', '11:00', '21:00', '', 2, ''),
	(158, '2020-01-21 23:11:12', '2020-01-21 23:11:12', '乐忻经典 （凯德晶萃店）', 0.4, 108, 0.000000, 0.000000, 1, '', '11:00', '21:00', '', 2, ''),
	(159, '2020-01-21 23:11:12', '2020-01-21 23:11:12', '巴四老城区（世茂广场店）', 3.9, 106, 0.000000, 0.000000, 1, '', '11:00', '21:00', '', 2, ''),
	(160, '2020-01-21 23:11:12', '2020-01-21 23:11:12', '米桃-百花山房·桃花扇（协信星光广场店）', 0.2, 97, 0.000000, 0.000000, 1, '', '11:00', '21:00', '', 2, ''),
	(161, '2020-01-21 23:11:12', '2020-01-21 23:11:12', '梦尚精酿啤酒屋餐厅', 1.3, 63, 0.000000, 0.000000, 1, '', '11:00', '21:00', '', 2, ''),
	(162, '2020-01-21 23:11:12', '2020-01-21 23:11:12', '巡湘记（徐汇日月光店）', 5.9, 94, 0.000000, 0.000000, 1, '', '11:00', '21:00', '', 2, ''),
	(163, '2020-01-21 23:11:12', '2020-01-21 23:11:12', '四川香天下火锅（泗泾店）', 1.7, 110, 0.000000, 0.000000, 1, '', '11:00', '21:00', '', 2, ''),
	(164, '2020-01-21 23:11:12', '2020-01-21 23:11:12', '思泊湖中餐（邵记美食城店）', 2.6, 63, 0.000000, 0.000000, 1, '', '11:00', '21:00', '', 2, ''),
	(165, '2020-01-21 23:11:12', '2020-01-21 23:11:12', '渝利火锅（漕宝路店）', 2.1, 113, 0.000000, 0.000000, 1, '', '11:00', '21:00', '', 2, ''),
	(166, '2020-01-21 23:11:12', '2020-01-21 23:11:12', '芝芝舒芙蕾', 2.8, 31, 0.000000, 0.000000, 1, '', '11:00', '21:00', '', 2, ''),
	(167, '2020-01-21 23:11:12', '2020-01-21 23:11:12', '饭香上海菜（日月光中心广场店）', 1.6, 111, 0.000000, 0.000000, 1, '', '11:00', '21:00', '', 2, ''),
	(168, '2020-01-21 23:11:12', '2020-01-21 23:11:12', '撸啊撸铁签小肉（车站南路店）', 5.8, 97, 0.000000, 0.000000, 1, '', '11:00', '21:00', '', 2, ''),
	(169, '2020-01-21 23:11:12', '2020-01-21 23:11:12', '美食汇Cafe Reign', 5.9, 245, 0.000000, 0.000000, 1, '', '11:00', '21:00', '', 2, ''),
	(170, '2020-01-21 23:11:12', '2020-01-21 23:11:12', '沪小胖（七宝宝龙店）', 0.2, 193, 0.000000, 0.000000, 1, '', '11:00', '21:00', '', 2, ''),
	(171, '2020-01-21 23:11:12', '2020-01-21 23:11:12', '七小姐的58道菜（徐汇店）', 1.3, 44, 0.000000, 0.000000, 1, '', '11:00', '21:00', '', 2, ''),
	(172, '2020-01-21 23:11:12', '2020-01-21 23:11:12', '川蜀锅语毛肚火锅（人民广场店）', 0.0, 113, 0.000000, 0.000000, 1, '', '11:00', '21:00', '', 2, ''),
	(173, '2020-01-21 23:11:12', '2020-01-21 23:11:12', 'hotpark热啊东南亚美食（合生汇店）', 2.1, 95, 0.000000, 0.000000, 1, '', '11:00', '21:00', '', 2, ''),
	(174, '2020-01-21 23:11:12', '2020-01-21 23:11:12', '冒吧·精品冒菜（虹口店）', 4.4, 54, 0.000000, 0.000000, 1, '', '11:00', '21:00', '', 2, ''),
	(175, '2020-01-21 23:11:12', '2020-01-21 23:11:12', '君之味日本料理', 3.7, 81, 0.000000, 0.000000, 1, '', '11:00', '21:00', '', 2, ''),
	(176, '2020-01-21 23:11:12', '2020-01-21 23:11:12', '蚝海味•高压锅蒸汽生蚝（金桥店）', 5.1, 114, 0.000000, 0.000000, 1, '', '11:00', '21:00', '', 2, ''),
	(177, '2020-01-21 23:11:12', '2020-01-21 23:11:12', '阿拉丁麻辣烫（吃吧食集美食城店）', 2.6, 29, 0.000000, 0.000000, 1, '', '11:00', '21:00', '', 2, ''),
	(178, '2020-01-21 23:11:12', '2020-01-21 23:11:12', '煌庭·生活时尚大酒店（嘉定店）', 3.7, 114, 0.000000, 0.000000, 1, '', '11:00', '21:00', '', 2, ''),
	(179, '2020-01-21 23:11:12', '2020-01-21 23:11:12', '欢乐牧场自助餐厅（七宝店）', 4.7, 67, 0.000000, 0.000000, 1, '', '11:00', '21:00', '', 2, ''),
	(180, '2020-01-21 23:11:12', '2020-01-21 23:11:12', '青森日本料理·炭火烧肉（嘉定店）', 0.6, 131, 0.000000, 0.000000, 1, '', '11:00', '21:00', '', 2, ''),
	(181, '2020-01-21 23:11:12', '2020-01-21 23:11:12', '暗恋桃花源（金桥国际店）', 0.7, 74, 0.000000, 0.000000, 1, '', '11:00', '21:00', '', 2, ''),
	(182, '2020-01-21 23:11:12', '2020-01-21 23:11:12', '他湘遇见你（徐汇日月光店）', 1.7, 108, 0.000000, 0.000000, 1, '', '11:00', '21:00', '', 2, ''),
	(183, '2020-01-21 23:11:12', '2020-01-21 23:11:12', '重庆鸡公煲纸包鱼（澳门路店）', 0.3, 71, 0.000000, 0.000000, 1, '', '11:00', '21:00', '', 2, ''),
	(184, '2020-01-21 23:11:12', '2020-01-21 23:11:12', '新石器烤肉（金桥太茂店）', 2.3, 79, 0.000000, 0.000000, 1, '', '11:00', '21:00', '', 2, ''),
	(185, '2020-01-21 23:11:12', '2020-01-21 23:11:12', '小南国（新天地南里店）', 4.7, 168, 0.000000, 0.000000, 1, '', '11:00', '21:00', '', 2, ''),
	(186, '2020-01-21 23:11:12', '2020-01-21 23:11:12', '串来串趣串串香火锅·小龙虾', 4.8, 91, 0.000000, 0.000000, 1, '', '11:00', '21:00', '', 2, ''),
	(187, '2020-01-21 23:11:12', '2020-01-21 23:11:12', '月湖萃（大悦城店）', 3.7, 101, 0.000000, 0.000000, 1, '', '11:00', '21:00', '', 2, ''),
	(188, '2020-01-21 23:11:12', '2020-01-21 23:11:12', '金牛道 时尚川湘菜（U天地1期店）', 4.3, 83, 0.000000, 0.000000, 1, '', '11:00', '21:00', '', 2, ''),
	(189, '2020-01-21 23:11:12', '2020-01-21 23:11:12', '巴顿火锅（泗泾店）', 4.1, 74, 0.000000, 0.000000, 1, '', '11:00', '21:00', '', 2, ''),
	(190, '2020-01-21 23:11:12', '2020-01-21 23:11:12', '021上海菜主题餐厅（南京东路店）', 1.8, 108, 0.000000, 0.000000, 1, '', '11:00', '21:00', '', 2, ''),
	(191, '2020-01-21 23:11:12', '2020-01-21 23:11:12', '太福水煮鱼（唐镇阳光天地店）', 2.8, 93, 0.000000, 0.000000, 1, '', '11:00', '21:00', '', 2, ''),
	(192, '2020-01-21 23:11:12', '2020-01-21 23:11:12', '克莉丝汀（奉城店）', 2.5, 29, 0.000000, 0.000000, 1, '', '11:00', '21:00', '', 2, ''),
	(193, '2020-01-21 23:11:12', '2020-01-21 23:11:12', '花火（莲花国际广场店）', 4.3, 48, 0.000000, 0.000000, 1, '', '11:00', '21:00', '', 2, ''),
	(194, '2020-01-21 23:11:12', '2020-01-21 23:11:12', '克莉丝汀（富田路店）', 1.7, 41, 0.000000, 0.000000, 1, '', '11:00', '21:00', '', 2, ''),
	(195, '2020-01-21 23:11:55', '2020-01-21 23:11:55', 'Davis King文萃新中华料理', 1.7, 293, 0.000000, 0.000000, 1, '', '11:00', '21:00', '', 2, ''),
	(196, '2020-01-21 23:11:55', '2020-01-21 23:11:55', '克莉丝汀（蕴川店）', 3.6, 29, 0.000000, 0.000000, 1, '', '11:00', '21:00', '', 2, ''),
	(197, '2020-01-21 23:11:55', '2020-01-21 23:11:55', '克莉丝汀（金高路店）', 0.7, 43, 0.000000, 0.000000, 1, '', '11:00', '21:00', '', 2, ''),
	(198, '2020-01-21 23:11:55', '2020-01-21 23:11:55', '谭鸭血老火锅（嘉定胜竹直营店）', 4.6, 132, 0.000000, 0.000000, 1, '', '11:00', '21:00', '', 2, ''),
	(199, '2020-01-21 23:11:55', '2020-01-21 23:11:55', '克莉丝汀（练新店）', 3.0, 32, 0.000000, 0.000000, 1, '', '11:00', '21:00', '', 2, ''),
	(200, '2020-01-21 23:11:55', '2020-01-21 23:11:55', '新石器烤肉（宝龙城市广场店）', 1.3, 57, 0.000000, 0.000000, 1, '', '11:00', '21:00', '', 2, ''),
	(201, '2020-01-21 23:11:55', '2020-01-21 23:11:55', '丰茂烤串（虹井路店）', 3.5, 87, 0.000000, 0.000000, 1, '', '11:00', '21:00', '', 2, ''),
	(202, '2020-01-21 23:11:55', '2020-01-21 23:11:55', '九鼎轩 脆毛肚火锅（淮海中路店）', 1.7, 113, 0.000000, 0.000000, 1, '', '11:00', '21:00', '', 2, ''),
	(203, '2020-01-21 23:11:55', '2020-01-21 23:11:55', '姜太公烤鱼&八道湾羊蝎子（静安店）', 4.1, 72, 0.000000, 0.000000, 1, '', '11:00', '21:00', '', 2, ''),
	(204, '2020-01-21 23:11:55', '2020-01-21 23:11:55', '乐忻经典（上海中心店）', 3.1, 110, 0.000000, 0.000000, 1, '', '11:00', '21:00', '', 2, ''),
	(205, '2020-01-21 23:11:55', '2020-01-21 23:11:55', '克莉丝汀（枫丽路店）', 3.1, 32, 0.000000, 0.000000, 1, '', '11:00', '21:00', '', 2, ''),
	(206, '2020-01-21 23:11:55', '2020-01-21 23:11:55', '克莉丝汀（东汉阳路店）', 0.4, 26, 0.000000, 0.000000, 1, '', '11:00', '21:00', '', 2, ''),
	(207, '2020-01-21 23:11:55', '2020-01-21 23:11:55', '烧烤者联盟日式炭烤', 4.5, 131, 0.000000, 0.000000, 1, '', '11:00', '21:00', '', 2, ''),
	(208, '2020-01-21 23:11:55', '2020-01-21 23:11:55', '東盛自助料理（南京东路店）', 3.2, 106, 0.000000, 0.000000, 1, '', '11:00', '21:00', '', 2, ''),
	(209, '2020-01-21 23:11:55', '2020-01-21 23:11:55', '麦麦山云南菜（缤谷广场店）', 2.8, 104, 0.000000, 0.000000, 1, '', '11:00', '21:00', '', 2, ''),
	(210, '2020-01-21 23:11:55', '2020-01-21 23:11:55', '文和友老长沙臭豆腐和大香肠（七宝老街店）', 4.5, 19, 0.000000, 0.000000, 1, '', '11:00', '21:00', '', 2, ''),
	(211, '2020-01-21 23:11:55', '2020-01-21 23:11:55', '心一筋燒肉·丼饭', 1.9, 176, 0.000000, 0.000000, 1, '', '11:00', '21:00', '', 2, ''),
	(212, '2020-01-21 23:11:55', '2020-01-21 23:11:55', '南小馆（恒隆广场店）', 1.9, 94, 0.000000, 0.000000, 1, '', '11:00', '21:00', '', 2, ''),
	(213, '2020-01-21 23:11:55', '2020-01-21 23:11:55', '鹿港小镇（宏伊广场店）', 3.9, 89, 0.000000, 0.000000, 1, '', '11:00', '21:00', '', 2, ''),
	(214, '2020-01-21 23:11:55', '2020-01-21 23:11:55', '上海小南国（会展中心店）', 1.7, 170, 0.000000, 0.000000, 1, '', '11:00', '21:00', '', 2, ''),
	(215, '2020-01-21 23:11:55', '2020-01-21 23:11:55', '最湘（日月光店）', 3.0, 104, 0.000000, 0.000000, 1, '', '11:00', '21:00', '', 2, ''),
	(216, '2020-01-21 23:11:55', '2020-01-21 23:11:55', '尚一汤 广东炖汤（世博源店）', 4.0, 149, 0.000000, 0.000000, 1, '', '11:00', '21:00', '', 2, ''),
	(217, '2020-01-21 23:11:55', '2020-01-21 23:11:55', '爷爷家的百味堂（嘉定店）', 4.7, 56, 0.000000, 0.000000, 1, '', '11:00', '21:00', '', 2, ''),
	(218, '2020-01-21 23:11:55', '2020-01-21 23:11:55', '秋满膳房（长风大悦城店）', 5.8, 37, 0.000000, 0.000000, 1, '', '11:00', '21:00', '', 2, ''),
	(219, '2020-01-21 23:11:55', '2020-01-21 23:11:55', '阿狼烧烤小龙虾', 2.8, 73, 0.000000, 0.000000, 1, '', '11:00', '21:00', '', 2, ''),
	(220, '2020-01-21 23:11:55', '2020-01-21 23:11:55', '海至鲜蒸汽海鲜主题餐厅', 2.5, 115, 0.000000, 0.000000, 1, '', '11:00', '21:00', '', 2, ''),
	(221, '2020-01-21 23:11:55', '2020-01-21 23:11:55', '鹿港小镇（金桥国际广场店）', 4.3, 91, 0.000000, 0.000000, 1, '', '11:00', '21:00', '', 2, ''),
	(222, '2020-01-21 23:11:55', '2020-01-21 23:11:55', '大咀港式茶餐厅（歌斐中心店）', 1.9, 65, 0.000000, 0.000000, 1, '', '11:00', '21:00', '', 2, ''),
	(223, '2020-01-21 23:11:55', '2020-01-21 23:11:55', '尚海豆捞（乐虹坊店）', 2.7, 169, 0.000000, 0.000000, 1, '', '11:00', '21:00', '', 2, ''),
	(224, '2020-01-21 23:11:55', '2020-01-21 23:11:55', '上海小南国（塘桥店）', 1.8, 169, 0.000000, 0.000000, 1, '', '11:00', '21:00', '', 2, ''),
	(225, '2020-01-21 23:11:55', '2020-01-21 23:11:55', '醉潮楼 （万象城店）', 0.8, 134, 0.000000, 0.000000, 1, '', '11:00', '21:00', '', 2, ''),
	(226, '2020-01-21 23:11:55', '2020-01-21 23:11:55', '本里の烧肉日式炭烤专门店', 4.6, 119, 0.000000, 0.000000, 1, '', '11:00', '21:00', '', 2, ''),
	(227, '2020-01-21 23:11:55', '2020-01-21 23:11:55', '502寿司刺身烤肉', 2.5, 66, 0.000000, 0.000000, 1, '', '11:00', '21:00', '', 2, ''),
	(228, '2020-01-21 23:11:55', '2020-01-21 23:11:55', '上海大厦·BELLE VUE', 4.9, 161, 0.000000, 0.000000, 1, '', '11:00', '21:00', '', 2, ''),
	(229, '2020-01-21 23:11:55', '2020-01-21 23:11:55', '溪雨观酸菜鱼（金海路宝龙广场店）', 4.9, 70, 0.000000, 0.000000, 1, '', '11:00', '21:00', '', 2, ''),
	(230, '2020-01-21 23:11:55', '2020-01-21 23:11:55', '七记烧烤（张江店）', 3.6, 62, 0.000000, 0.000000, 1, '', '11:00', '21:00', '', 2, ''),
	(231, '2020-01-21 23:11:55', '2020-01-21 23:11:55', '避风塘（文峰购物中心店）', 3.6, 82, 0.000000, 0.000000, 1, '', '11:00', '21:00', '', 2, ''),
	(232, '2020-01-21 23:11:55', '2020-01-21 23:11:55', '北京羲和雅苑烤鸭坊（万象城店）', 1.3, 148, 0.000000, 0.000000, 1, '', '11:00', '21:00', '', 2, ''),
	(233, '2020-01-21 23:11:55', '2020-01-21 23:11:55', '溪雨观酸菜鱼（文峰广场店）', 1.5, 75, 0.000000, 0.000000, 1, '', '11:00', '21:00', '', 2, ''),
	(234, '2020-01-21 23:11:55', '2020-01-21 23:11:55', '溪雨观（青浦吾悦广场店）', 3.6, 68, 0.000000, 0.000000, 1, '', '11:00', '21:00', '', 2, ''),
	(235, '2020-01-21 23:11:55', '2020-01-21 23:11:55', '渝味晓宇火锅（吴中路店）', 1.4, 127, 0.000000, 0.000000, 1, '', '11:00', '21:00', '', 2, ''),
	(236, '2020-01-21 23:11:55', '2020-01-21 23:11:55', '掌柜的店 • 中原菜（复兴广场店）', 2.3, 59, 0.000000, 0.000000, 1, '', '11:00', '21:00', '', 2, ''),
	(237, '2020-01-21 23:11:55', '2020-01-21 23:11:55', '蚝宅高压海鲜', 1.3, 89, 0.000000, 0.000000, 1, '', '11:00', '21:00', '', 2, ''),
	(238, '2020-01-21 23:11:55', '2020-01-21 23:11:55', '梦都酒家（万达广场江桥店）', 5.5, 97, 0.000000, 0.000000, 1, '', '11:00', '21:00', '', 2, ''),
	(239, '2020-01-21 23:11:55', '2020-01-21 23:11:55', '筑间幸福锅物（长寿路店）', 5.6, 132, 0.000000, 0.000000, 1, '', '11:00', '21:00', '', 2, ''),
	(240, '2020-01-21 23:11:55', '2020-01-21 23:11:55', 'PANKOO釜山料理（虹口龙之梦购物中心店）', 5.6, 96, 0.000000, 0.000000, 1, '', '11:00', '21:00', '', 2, ''),
	(241, '2020-01-21 23:11:55', '2020-01-21 23:11:55', '丰收日（唐镇店）', 5.1, 139, 0.000000, 0.000000, 1, '', '11:00', '21:00', '', 2, ''),
	(242, '2020-01-21 23:11:55', '2020-01-21 23:11:55', '蒋记海鲜姿造（周浦康沈店）', 2.7, 103, 0.000000, 0.000000, 1, '', '11:00', '21:00', '', 2, ''),
	(243, '2020-01-21 23:11:55', '2020-01-21 23:11:55', '唐宫（皇冠店）', 4.1, 137, 0.000000, 0.000000, 1, '', '11:00', '21:00', '', 2, ''),
	(244, '2020-01-21 23:11:55', '2020-01-21 23:11:55', '巡湘记（七宝万科广场店）', 0.4, 88, 0.000000, 0.000000, 1, '', '11:00', '21:00', '', 2, ''),
	(245, '2020-01-21 23:11:55', '2020-01-21 23:11:55', '新白鹿餐厅（百联西郊店）', 1.8, 53, 0.000000, 0.000000, 1, '', '11:00', '21:00', '', 2, ''),
	(246, '2020-01-21 23:11:55', '2020-01-21 23:11:55', '潮牛海记（上海世茂广场店 ）', 1.6, 112, 0.000000, 0.000000, 1, '', '11:00', '21:00', '', 2, ''),
	(247, '2020-01-21 23:11:55', '2020-01-21 23:11:55', '上海小南国（世博源店）', 2.9, 174, 0.000000, 0.000000, 1, '', '11:00', '21:00', '', 2, ''),
	(248, '2020-01-21 23:11:55', '2020-01-21 23:11:55', '咕的咕的炭烤肉店（三邻桥店）', 3.6, 99, 0.000000, 0.000000, 1, '', '11:00', '21:00', '', 2, ''),
	(249, '2020-01-21 23:11:55', '2020-01-21 23:11:55', '泰椰爷（旭辉店）', 3.3, 49, 0.000000, 0.000000, 1, '', '11:00', '21:00', '', 2, ''),
	(250, '2020-01-21 23:11:55', '2020-01-21 23:11:55', '托瑞斯Taurus Canal', 5.8, 316, 0.000000, 0.000000, 1, '', '11:00', '21:00', '', 2, ''),
	(251, '2020-01-21 23:11:55', '2020-01-21 23:11:55', '红高粱回味妈妈菜（南港路店）', 1.0, 61, 0.000000, 0.000000, 1, '', '11:00', '21:00', '', 2, ''),
	(252, '2020-01-21 23:11:55', '2020-01-21 23:11:55', '吾山大久·居酒屋（16铺谷蕃街店）', 5.6, 125, 0.000000, 0.000000, 1, '', '11:00', '21:00', '', 2, ''),
	(253, '2020-01-21 23:11:55', '2020-01-21 23:11:55', '明泰谷泰国休闲餐厅（百联世纪店）', 1.2, 111, 0.000000, 0.000000, 1, '', '11:00', '21:00', '', 2, ''),
	(254, '2020-01-21 23:11:55', '2020-01-21 23:11:55', '煌庭-壹泰东南亚主题餐厅（叶城路店）', 1.2, 104, 0.000000, 0.000000, 1, '', '11:00', '21:00', '', 2, ''),
	(255, '2020-01-21 23:11:55', '2020-01-21 23:11:55', '望湘园湖南菜（闸北大悦城店）', 2.1, 82, 0.000000, 0.000000, 1, '', '11:00', '21:00', '', 2, ''),
	(256, '2020-01-21 23:11:55', '2020-01-21 23:11:55', '天后茶餐厅（松江五龙广场店）', 1.1, 76, 0.000000, 0.000000, 1, '', '11:00', '21:00', '', 2, ''),
	(257, '2020-01-21 23:11:55', '2020-01-21 23:11:55', '和风铁板料理（外高桥店）', 5.2, 53, 0.000000, 0.000000, 1, '', '11:00', '21:00', '', 2, ''),
	(258, '2020-01-21 23:11:55', '2020-01-21 23:11:55', '川食公馆（虹桥天地店）', 4.7, 95, 0.000000, 0.000000, 1, '', '11:00', '21:00', '', 2, ''),
	(259, '2020-01-21 23:11:55', '2020-01-21 23:11:55', '四川香天下火锅（大华店）', 2.0, 102, 0.000000, 0.000000, 1, '', '11:00', '21:00', '', 2, ''),
	(260, '2020-01-21 23:11:55', '2020-01-21 23:11:55', '许爷剁椒鱼头（第一百货店）', 1.6, 145, 0.000000, 0.000000, 1, '', '11:00', '21:00', '', 2, ''),
	(261, '2020-01-21 23:11:55', '2020-01-21 23:11:55', 'Rhythm美式餐厅', 2.4, 99, 0.000000, 0.000000, 1, '', '11:00', '21:00', '', 2, ''),
	(262, '2020-01-21 23:11:55', '2020-01-21 23:11:55', 'WHITE 白餐厅（创智天地大学路店）', 0.8, 149, 0.000000, 0.000000, 1, '', '11:00', '21:00', '', 2, ''),
	(263, '2020-01-21 23:11:55', '2020-01-21 23:11:55', 'CoCo都可（乐尚天地店）', 3.1, 13, 0.000000, 0.000000, 1, '', '11:00', '21:00', '', 2, ''),
	(264, '2020-01-21 23:11:55', '2020-01-21 23:11:55', '维园悦谱·茶点（宝庆路店）', 0.8, 114, 0.000000, 0.000000, 1, '', '11:00', '21:00', '', 2, ''),
	(265, '2020-01-21 23:11:55', '2020-01-21 23:11:55', '丰收日（成山店）', 0.9, 141, 0.000000, 0.000000, 1, '', '11:00', '21:00', '', 2, ''),
	(266, '2020-01-21 23:11:55', '2020-01-21 23:11:55', '重庆八旺火锅', 1.9, 123, 0.000000, 0.000000, 1, '', '11:00', '21:00', '', 2, ''),
	(267, '2020-01-21 23:11:55', '2020-01-21 23:11:55', '谭鸭血老火锅（融创精彩天地店）', 0.9, 139, 0.000000, 0.000000, 1, '', '11:00', '21:00', '', 2, ''),
	(268, '2020-01-21 23:11:55', '2020-01-21 23:11:55', 'CoCo都可（明中广场店）', 5.0, 13, 0.000000, 0.000000, 1, '', '11:00', '21:00', '', 2, ''),
	(269, '2020-01-21 23:11:55', '2020-01-21 23:11:55', '渝利火锅（打浦日月光店）', 4.0, 116, 0.000000, 0.000000, 1, '', '11:00', '21:00', '', 2, ''),
	(270, '2020-01-21 23:11:55', '2020-01-21 23:11:55', '段氏龙虾青年店', 5.2, 138, 0.000000, 0.000000, 1, '', '11:00', '21:00', '', 2, ''),
	(271, '2020-01-21 23:11:55', '2020-01-21 23:11:55', '韦斯顿牛排（新理想店）', 1.9, 60, 0.000000, 0.000000, 1, '', '11:00', '21:00', '', 2, ''),
	(272, '2020-01-21 23:11:55', '2020-01-21 23:11:55', '胖哥俩肉蟹煲（上南路店）', 5.9, 71, 0.000000, 0.000000, 1, '', '11:00', '21:00', '', 2, ''),
	(273, '2020-01-21 23:11:55', '2020-01-21 23:11:55', '怡灏馆', 5.7, 252, 0.000000, 0.000000, 1, '', '11:00', '21:00', '', 2, ''),
	(274, '2020-01-21 23:11:55', '2020-01-21 23:11:55', 'CoCo都可（泥城宝龙店）', 4.9, 13, 0.000000, 0.000000, 1, '', '11:00', '21:00', '', 2, ''),
	(275, '2020-01-21 23:11:55', '2020-01-21 23:11:55', '御龙宴', 1.3, 112, 0.000000, 0.000000, 1, '', '11:00', '21:00', '', 2, ''),
	(276, '2020-01-21 23:11:55', '2020-01-21 23:11:55', '峰尚仙豆糕（四川北路店）', 3.9, 19, 0.000000, 0.000000, 1, '', '11:00', '21:00', '', 2, ''),
	(277, '2020-01-21 23:11:55', '2020-01-21 23:11:55', '川红椒火锅（正大广场店）', 3.7, 155, 0.000000, 0.000000, 1, '', '11:00', '21:00', '', 2, ''),
	(278, '2020-01-21 23:11:55', '2020-01-21 23:11:55', '巴四老城区炭火蛙锅（徐汇日月光店）', 0.6, 106, 0.000000, 0.000000, 1, '', '11:00', '21:00', '', 2, ''),
	(279, '2020-01-21 23:11:55', '2020-01-21 23:11:55', '元朗冰室', 4.0, 84, 0.000000, 0.000000, 1, '', '11:00', '21:00', '', 2, ''),
	(280, '2020-01-21 23:11:55', '2020-01-21 23:11:55', '重庆高老九火锅（宝地广场店）', 0.3, 115, 0.000000, 0.000000, 1, '', '11:00', '21:00', '', 2, ''),
	(281, '2020-01-21 23:11:55', '2020-01-21 23:11:55', '呼伦小筑火锅烧烤（州桥老街店）', 1.5, 69, 0.000000, 0.000000, 1, '', '11:00', '21:00', '', 2, ''),
	(282, '2020-01-21 23:11:55', '2020-01-21 23:11:55', '鱼悦龙萌（华江路美食城店）', 0.7, 59, 0.000000, 0.000000, 1, '', '11:00', '21:00', '', 2, ''),
	(283, '2020-01-21 23:11:55', '2020-01-21 23:11:55', '鲜の芙蕾pancake（华侨城店）', 4.8, 23, 0.000000, 0.000000, 1, '', '11:00', '21:00', '', 2, ''),
	(284, '2020-01-21 23:11:55', '2020-01-21 23:11:55', '钢管厂五区小郡肝串串香火锅（青浦店）', 3.8, 80, 0.000000, 0.000000, 1, '', '11:00', '21:00', '', 2, ''),
	(285, '2020-01-21 23:11:55', '2020-01-21 23:11:55', 'CoCo都可（杨行北翼店）', 4.7, 13, 0.000000, 0.000000, 1, '', '11:00', '21:00', '', 2, ''),
	(286, '2020-01-21 23:11:55', '2020-01-21 23:11:55', '星卤里 大师们的味道（曹路宝龙广场店）', 0.0, 58, 0.000000, 0.000000, 1, '', '11:00', '21:00', '', 2, ''),
	(287, '2020-01-21 23:11:55', '2020-01-21 23:11:55', 'CoCo都可（愚园小亭店）', 4.2, 13, 0.000000, 0.000000, 1, '', '11:00', '21:00', '', 2, ''),
	(288, '2020-01-21 23:11:55', '2020-01-21 23:11:55', '鱼酷活力烤鱼（百联西郊购物中心店）', 2.7, 90, 0.000000, 0.000000, 1, '', '11:00', '21:00', '', 2, ''),
	(289, '2020-01-21 23:12:25', '2020-01-21 23:12:25', '肯德基（聚丰店）', 0.8, 30, 0.000000, 0.000000, 1, '', '11:00', '21:00', '', 2, ''),
	(290, '2020-01-21 23:12:25', '2020-01-21 23:12:25', '炙城烤肉（南京东路店）', 2.2, 63, 0.000000, 0.000000, 1, '', '11:00', '21:00', '', 2, ''),
	(291, '2020-01-21 23:12:25', '2020-01-21 23:12:25', '多伦多海鲜自助餐厅（金山万达店）', 2.6, 90, 0.000000, 0.000000, 1, '', '11:00', '21:00', '', 2, ''),
	(292, '2020-01-21 23:12:25', '2020-01-21 23:12:25', '新白鹿餐厅（第一百货店）', 0.3, 55, 0.000000, 0.000000, 1, '', '11:00', '21:00', '', 2, ''),
	(293, '2020-01-21 23:12:25', '2020-01-21 23:12:25', '邓江叔叔高端订制（松江店）', 5.7, 58, 0.000000, 0.000000, 1, '', '11:00', '21:00', '', 2, ''),
	(294, '2020-01-21 23:12:25', '2020-01-21 23:12:25', '点都德（环宇荟店）', 3.7, 103, 0.000000, 0.000000, 1, '', '11:00', '21:00', '', 2, ''),
	(295, '2020-01-21 23:12:25', '2020-01-21 23:12:25', '点都德（白玉兰店）', 1.5, 108, 0.000000, 0.000000, 1, '', '11:00', '21:00', '', 2, ''),
	(296, '2020-01-21 23:12:25', '2020-01-21 23:12:25', '谭鸭血老火锅（七宝万科广场店）', 2.5, 145, 0.000000, 0.000000, 1, '', '11:00', '21:00', '', 2, ''),
	(297, '2020-01-21 23:12:25', '2020-01-21 23:12:25', '欧谛西点', 1.8, 40, 0.000000, 0.000000, 1, '', '11:00', '21:00', '', 2, ''),
	(298, '2020-01-21 23:12:25', '2020-01-21 23:12:25', '蛙遇·十三香炭火蛙锅（环球港店）', 1.5, 105, 0.000000, 0.000000, 1, '', '11:00', '21:00', '', 2, ''),
	(299, '2020-01-21 23:12:25', '2020-01-21 23:12:25', '青森精致料理（宝龙广场店）', 2.3, 105, 0.000000, 0.000000, 1, '', '11:00', '21:00', '', 2, ''),
	(300, '2020-01-21 23:12:25', '2020-01-21 23:12:25', '钢管厂五区小郡肝串串香火锅（五角场直营店）', 0.7, 91, 0.000000, 0.000000, 1, '', '11:00', '21:00', '', 2, ''),
	(301, '2020-01-21 23:12:25', '2020-01-21 23:12:25', '滑板鸡skateboard  Chicken（合生汇店）', 2.8, 83, 0.000000, 0.000000, 1, '', '11:00', '21:00', '', 2, ''),
	(302, '2020-01-21 23:12:25', '2020-01-21 23:12:25', '外婆家（百联徐汇商业广场店）', 5.7, 68, 0.000000, 0.000000, 1, '', '11:00', '21:00', '', 2, ''),
	(303, '2020-01-21 23:12:25', '2020-01-21 23:12:25', '年糕李（静安店）', 2.1, 46, 0.000000, 0.000000, 1, '', '11:00', '21:00', '', 2, ''),
	(304, '2020-01-21 23:12:25', '2020-01-21 23:12:25', '胖哥俩肉蟹煲（松江开元地中海店）', 5.6, 60, 0.000000, 0.000000, 1, '', '11:00', '21:00', '', 2, ''),
	(305, '2020-01-21 23:12:25', '2020-01-21 23:12:25', '黄记煌三汁焖锅（长寿路巴黎春天店）', 3.8, 86, 0.000000, 0.000000, 1, '', '11:00', '21:00', '', 2, ''),
	(306, '2020-01-21 23:12:25', '2020-01-21 23:12:25', '新石器烤肉（长宁龙之梦店）', 2.1, 79, 0.000000, 0.000000, 1, '', '11:00', '21:00', '', 2, ''),
	(307, '2020-01-21 23:12:25', '2020-01-21 23:12:25', '胖哥俩肉蟹煲（江桥万达店）', 4.9, 71, 0.000000, 0.000000, 1, '', '11:00', '21:00', '', 2, ''),
	(308, '2020-01-21 23:12:25', '2020-01-21 23:12:25', '壹酷壹厨（中信广场店）', 0.2, 80, 0.000000, 0.000000, 1, '', '11:00', '21:00', '', 2, ''),
	(309, '2020-01-21 23:12:25', '2020-01-21 23:12:25', '明泰谷泰国休闲餐厅（万达广场松江店）', 4.3, 106, 0.000000, 0.000000, 1, '', '11:00', '21:00', '', 2, ''),
	(310, '2020-01-21 23:12:25', '2020-01-21 23:12:25', '蟹臻鲜阳澄湖大闸蟹（大宁音乐广场店）', 3.0, 588, 0.000000, 0.000000, 1, '', '11:00', '21:00', '', 2, ''),
	(311, '2020-01-21 23:12:25', '2020-01-21 23:12:25', '汉堡王（上海虹口龙之梦）', 2.0, 33, 0.000000, 0.000000, 1, '', '11:00', '21:00', '', 2, ''),
	(312, '2020-01-21 23:12:25', '2020-01-21 23:12:25', '谭鸭血老火锅（徐汇日月光店）', 0.9, 139, 0.000000, 0.000000, 1, '', '11:00', '21:00', '', 2, ''),
	(313, '2020-01-21 23:12:25', '2020-01-21 23:12:25', '威斯汀舞台餐厅', 4.5, 253, 0.000000, 0.000000, 1, '', '11:00', '21:00', '', 2, ''),
	(314, '2020-01-21 23:12:25', '2020-01-21 23:12:25', '小肥羊 （青浦宝龙店）', 2.1, 77, 0.000000, 0.000000, 1, '', '11:00', '21:00', '', 2, ''),
	(315, '2020-01-21 23:12:25', '2020-01-21 23:12:25', '筑间幸福锅物（塞纳左岸店）', 2.8, 137, 0.000000, 0.000000, 1, '', '11:00', '21:00', '', 2, ''),
	(316, '2020-01-21 23:12:25', '2020-01-21 23:12:25', '七欣天品蟹轩（松江乐都路店）', 1.5, 131, 0.000000, 0.000000, 1, '', '11:00', '21:00', '', 2, ''),
	(317, '2020-01-21 23:12:25', '2020-01-21 23:12:25', '小肥羊（南京东路店）', 5.4, 93, 0.000000, 0.000000, 1, '', '11:00', '21:00', '', 2, ''),
	(318, '2020-01-21 23:12:25', '2020-01-21 23:12:25', 'Touch Bread泰奇面包（奉贤宝龙城市广场店）', 4.5, 26, 0.000000, 0.000000, 1, '', '11:00', '21:00', '', 2, ''),
	(319, '2020-01-21 23:12:25', '2020-01-21 23:12:25', '华虾乡&虾王（通河路店）', 0.4, 131, 0.000000, 0.000000, 1, '', '11:00', '21:00', '', 2, ''),
	(320, '2020-01-21 23:12:25', '2020-01-21 23:12:25', '韩宫宴炭火烤肉（南桥百联店）', 0.5, 87, 0.000000, 0.000000, 1, '', '11:00', '21:00', '', 2, ''),
	(321, '2020-01-21 23:12:25', '2020-01-21 23:12:25', '长湘岳湖南美食（新市南路店）', 1.1, 87, 0.000000, 0.000000, 1, '', '11:00', '21:00', '', 2, ''),
	(322, '2020-01-21 23:12:25', '2020-01-21 23:12:25', '上海小南国（港汇店）', 4.3, 169, 0.000000, 0.000000, 1, '', '11:00', '21:00', '', 2, ''),
	(323, '2020-01-21 23:12:25', '2020-01-21 23:12:25', '七欣天品蟹轩（青浦沙埭浜路店）', 5.8, 131, 0.000000, 0.000000, 1, '', '11:00', '21:00', '', 2, ''),
	(324, '2020-01-21 23:12:25', '2020-01-21 23:12:25', '南京大牌档（七宝宝龙城店）', 4.5, 76, 0.000000, 0.000000, 1, '', '11:00', '21:00', '', 2, ''),
	(325, '2020-01-21 23:12:25', '2020-01-21 23:12:25', '上井精致料理（松江店）', 4.9, 243, 0.000000, 0.000000, 1, '', '11:00', '21:00', '', 2, ''),
	(326, '2020-01-21 23:12:25', '2020-01-21 23:12:25', '甜蜜蜜港式现烤坊', 4.9, 57, 0.000000, 0.000000, 1, '', '11:00', '21:00', '', 2, ''),
	(327, '2020-01-21 23:12:25', '2020-01-21 23:12:25', '外婆家（上海宝龙城市广场店）', 3.7, 65, 0.000000, 0.000000, 1, '', '11:00', '21:00', '', 2, ''),
	(328, '2020-01-21 23:12:25', '2020-01-21 23:12:25', '同一战蚝高压锅竹笼生蚝专门店（总店）', 4.0, 113, 0.000000, 0.000000, 1, '', '11:00', '21:00', '', 2, ''),
	(329, '2020-01-21 23:12:25', '2020-01-21 23:12:25', '汉堡王（上海大悦城店）', 3.0, 33, 0.000000, 0.000000, 1, '', '11:00', '21:00', '', 2, ''),
	(330, '2020-01-21 23:12:25', '2020-01-21 23:12:25', '云南临沧味道饭店', 3.0, 89, 0.000000, 0.000000, 1, '', '11:00', '21:00', '', 2, ''),
	(331, '2020-01-21 23:12:25', '2020-01-21 23:12:25', '七欣天品蟹轩（银亿店）', 5.9, 131, 0.000000, 0.000000, 1, '', '11:00', '21:00', '', 2, ''),
	(332, '2020-01-21 23:12:25', '2020-01-21 23:12:25', 'CoCo都可（棕榈广场店）', 2.4, 13, 0.000000, 0.000000, 1, '', '11:00', '21:00', '', 2, ''),
	(333, '2020-01-21 23:12:25', '2020-01-21 23:12:25', '钟路商会·缘家（虹泉路店）', 0.6, 85, 0.000000, 0.000000, 1, '', '11:00', '21:00', '', 2, ''),
	(334, '2020-01-21 23:12:25', '2020-01-21 23:12:25', 'gaga鲜语（来福士店）', 1.6, 123, 0.000000, 0.000000, 1, '', '11:00', '21:00', '', 2, ''),
	(335, '2020-01-21 23:12:25', '2020-01-21 23:12:25', '新石器烤肉（森兰店）', 0.4, 67, 0.000000, 0.000000, 1, '', '11:00', '21:00', '', 2, ''),
	(336, '2020-01-21 23:12:25', '2020-01-21 23:12:25', '沁园春望·湘食四季（96广场店）', 3.0, 146, 0.000000, 0.000000, 1, '', '11:00', '21:00', '', 2, ''),
	(337, '2020-01-21 23:12:25', '2020-01-21 23:12:25', '令和·日料烧肉放题餐厅', 1.8, 176, 0.000000, 0.000000, 1, '', '11:00', '21:00', '', 2, ''),
	(338, '2020-01-21 23:12:25', '2020-01-21 23:12:25', '汉堡王（弘基时尚生活中心店）', 5.9, 33, 0.000000, 0.000000, 1, '', '11:00', '21:00', '', 2, ''),
	(339, '2020-01-21 23:12:25', '2020-01-21 23:12:25', '一米香潮汕砂锅粥（黄河路店）', 0.0, 98, 0.000000, 0.000000, 1, '', '11:00', '21:00', '', 2, ''),
	(340, '2020-01-21 23:12:25', '2020-01-21 23:12:25', 'CoCo都可（宝山万达二店）', 0.6, 13, 0.000000, 0.000000, 1, '', '11:00', '21:00', '', 2, ''),
	(341, '2020-01-21 23:12:25', '2020-01-21 23:12:25', '鼎王无老锅（黄金城道店）', 3.1, 195, 0.000000, 0.000000, 1, '', '11:00', '21:00', '', 2, ''),
	(342, '2020-01-21 23:12:25', '2020-01-21 23:12:25', '味多美（玉树路店）', 1.4, 29, 0.000000, 0.000000, 1, '', '11:00', '21:00', '', 2, ''),
	(343, '2020-01-21 23:12:25', '2020-01-21 23:12:25', '桂小厨广西菜（世茂广场店）', 4.0, 86, 0.000000, 0.000000, 1, '', '11:00', '21:00', '', 2, ''),
	(344, '2020-01-21 23:12:25', '2020-01-21 23:12:25', '好牛烧肉（世茂广场店）', 3.6, 159, 0.000000, 0.000000, 1, '', '11:00', '21:00', '', 2, ''),
	(345, '2020-01-21 23:12:25', '2020-01-21 23:12:25', '一抹椒羞（长宁店）', 0.2, 67, 0.000000, 0.000000, 1, '', '11:00', '21:00', '', 2, ''),
	(346, '2020-01-21 23:12:25', '2020-01-21 23:12:25', '96农蝎虾·龙虾烧烤（江桥老街店）', 2.1, 114, 0.000000, 0.000000, 1, '', '11:00', '21:00', '', 2, ''),
	(347, '2020-01-21 23:12:25', '2020-01-21 23:12:25', '重庆袁老四老火锅（淮海路店）', 4.0, 126, 0.000000, 0.000000, 1, '', '11:00', '21:00', '', 2, ''),
	(348, '2020-01-21 23:12:25', '2020-01-21 23:12:25', '70后饭吧（长宁龙之梦店）', 1.8, 65, 0.000000, 0.000000, 1, '', '11:00', '21:00', '', 2, ''),
	(349, '2020-01-21 23:12:25', '2020-01-21 23:12:25', '红魔重庆美蛙火锅（静安大融城店）', 3.0, 106, 0.000000, 0.000000, 1, '', '11:00', '21:00', '', 2, ''),
	(350, '2020-01-21 23:12:25', '2020-01-21 23:12:25', '和记小菜（金玉兰店）', 3.5, 85, 0.000000, 0.000000, 1, '', '11:00', '21:00', '', 2, ''),
	(351, '2020-01-21 23:12:25', '2020-01-21 23:12:25', '蜀大侠火锅（人民广场店）', 2.3, 137, 0.000000, 0.000000, 1, '', '11:00', '21:00', '', 2, ''),
	(352, '2020-01-21 23:12:25', '2020-01-21 23:12:25', '汉堡王（上海金桥餐厅店）', 1.3, 32, 0.000000, 0.000000, 1, '', '11:00', '21:00', '', 2, ''),
	(353, '2020-01-21 23:12:25', '2020-01-21 23:12:25', '一抹椒羞（徐家汇店）', 5.5, 72, 0.000000, 0.000000, 1, '', '11:00', '21:00', '', 2, ''),
	(354, '2020-01-21 23:12:25', '2020-01-21 23:12:25', '杜哈夫（莘庄店）', 5.8, 196, 0.000000, 0.000000, 1, '', '11:00', '21:00', '', 2, ''),
	(355, '2020-01-21 23:12:25', '2020-01-21 23:12:25', '肯德基（祝桥店）', 0.2, 31, 0.000000, 0.000000, 1, '', '11:00', '21:00', '', 2, ''),
	(356, '2020-01-21 23:12:25', '2020-01-21 23:12:25', 'Sissi戚风蛋糕（八佰伴店）', 1.8, 27, 0.000000, 0.000000, 1, '', '11:00', '21:00', '', 2, ''),
	(357, '2020-01-21 23:12:25', '2020-01-21 23:12:25', 'DQ（周浦万达店）', 2.5, 28, 0.000000, 0.000000, 1, '', '11:00', '21:00', '', 2, ''),
	(358, '2020-01-21 23:12:25', '2020-01-21 23:12:25', '莆田餐厅（七宝万科广场店）', 0.8, 117, 0.000000, 0.000000, 1, '', '11:00', '21:00', '', 2, ''),
	(359, '2020-01-21 23:12:25', '2020-01-21 23:12:25', '东北娇姐串吧', 2.8, 65, 0.000000, 0.000000, 1, '', '11:00', '21:00', '', 2, ''),
	(360, '2020-01-21 23:12:25', '2020-01-21 23:12:25', '郭记原生态烤羊腿（延长路店）', 5.5, 87, 0.000000, 0.000000, 1, '', '11:00', '21:00', '', 2, ''),
	(361, '2020-01-21 23:12:25', '2020-01-21 23:12:25', '金家烤肉（川沙百联店）', 1.2, 82, 0.000000, 0.000000, 1, '', '11:00', '21:00', '', 2, ''),
	(362, '2020-01-21 23:12:25', '2020-01-21 23:12:25', '上海小南国（张江店）', 1.3, 170, 0.000000, 0.000000, 1, '', '11:00', '21:00', '', 2, ''),
	(363, '2020-01-21 23:12:25', '2020-01-21 23:12:25', '味多美（青安路店）', 2.9, 48, 0.000000, 0.000000, 1, '', '11:00', '21:00', '', 2, ''),
	(364, '2020-01-21 23:12:25', '2020-01-21 23:12:25', '70后饭吧（奉贤苏宁店）', 4.7, 59, 0.000000, 0.000000, 1, '', '11:00', '21:00', '', 2, ''),
	(365, '2020-01-21 23:12:25', '2020-01-21 23:12:25', '太兴餐厅（环球港店）', 2.8, 74, 0.000000, 0.000000, 1, '', '11:00', '21:00', '', 2, ''),
	(366, '2020-01-21 23:12:25', '2020-01-21 23:12:25', '萃扬阁', 5.8, 53, 0.000000, 0.000000, 1, '', '11:00', '21:00', '', 2, ''),
	(367, '2020-01-21 23:12:25', '2020-01-21 23:12:25', '老渝城正宗重庆老火锅（森兰商都店）', 2.5, 107, 0.000000, 0.000000, 1, '', '11:00', '21:00', '', 2, ''),
	(368, '2020-01-21 23:12:25', '2020-01-21 23:12:25', '新石器烤肉（仲盛世界商城店）', 1.3, 72, 0.000000, 0.000000, 1, '', '11:00', '21:00', '', 2, ''),
	(369, '2020-01-21 23:12:25', '2020-01-21 23:12:25', '郑十八佛跳墙·鲍汁捞饭（南京东路店）', 5.0, 53, 0.000000, 0.000000, 1, '', '11:00', '21:00', '', 2, ''),
	(370, '2020-01-21 23:12:25', '2020-01-21 23:12:25', '小南国（松江店）', 3.0, 172, 0.000000, 0.000000, 1, '', '11:00', '21:00', '', 2, ''),
	(371, '2020-01-21 23:12:25', '2020-01-21 23:12:25', '重庆高老九火锅（大世界店）', 5.9, 120, 0.000000, 0.000000, 1, '', '11:00', '21:00', '', 2, ''),
	(372, '2020-01-21 23:12:25', '2020-01-21 23:12:25', '蒸友缘花胶鸡蒸汽海鲜', 2.6, 83, 0.000000, 0.000000, 1, '', '11:00', '21:00', '', 2, ''),
	(373, '2020-01-21 23:12:25', '2020-01-21 23:12:25', '小辉哥火锅（环球港店）', 1.5, 109, 0.000000, 0.000000, 1, '', '11:00', '21:00', '', 2, ''),
	(374, '2020-01-21 23:12:25', '2020-01-21 23:12:25', '避风塘（巴黎春天浦建店）', 5.5, 77, 0.000000, 0.000000, 1, '', '11:00', '21:00', '', 2, ''),
	(375, '2020-01-21 23:12:25', '2020-01-21 23:12:25', 'ParisBaguette巴黎贝甜（博览汇广场店）', 4.9, 27, 0.000000, 0.000000, 1, '', '11:00', '21:00', '', 2, ''),
	(376, '2020-01-21 23:12:25', '2020-01-21 23:12:25', '麻省理功-深海烤鱼（虹桥天地店）', 2.2, 65, 0.000000, 0.000000, 1, '', '11:00', '21:00', '', 2, ''),
	(377, '2020-01-21 23:12:43', '2020-01-21 23:12:43', '井格重庆火锅（百盛优客天山店）', 2.1, 105, 0.000000, 0.000000, 1, '', '11:00', '21:00', '', 2, ''),
	(378, '2020-01-21 23:12:43', '2020-01-21 23:12:43', '避风塘（宝乐汇店）', 3.9, 67, 0.000000, 0.000000, 1, '', '11:00', '21:00', '', 2, ''),
	(379, '2020-01-21 23:12:43', '2020-01-21 23:12:43', '瓷忆II瓷文化餐厅（宝乐汇店）', 1.1, 117, 0.000000, 0.000000, 1, '', '11:00', '21:00', '', 2, ''),
	(380, '2020-01-21 23:12:43', '2020-01-21 23:12:43', '银杏树阿婆粽', 6.0, 34, 0.000000, 0.000000, 1, '', '11:00', '21:00', '', 2, ''),
	(381, '2020-01-21 23:12:43', '2020-01-21 23:12:43', '爽爆美蛙鱼头火锅（绿地缤纷城店）', 2.6, 125, 0.000000, 0.000000, 1, '', '11:00', '21:00', '', 2, ''),
	(382, '2020-01-21 23:12:43', '2020-01-21 23:12:43', 'DQ（松江开元店）', 1.0, 28, 0.000000, 0.000000, 1, '', '11:00', '21:00', '', 2, ''),
	(383, '2020-01-21 23:12:43', '2020-01-21 23:12:43', '乐忻皇朝（上海中心大厦店）', 3.4, 112, 0.000000, 0.000000, 1, '', '11:00', '21:00', '', 2, ''),
	(384, '2020-01-21 23:12:43', '2020-01-21 23:12:43', '虞面斋常熟野蕈（Xun）面馆', 1.7, 58, 0.000000, 0.000000, 1, '', '11:00', '21:00', '', 2, ''),
	(385, '2020-01-21 23:12:43', '2020-01-21 23:12:43', '潮牛海记（嘉亭荟城市生活广场店）', 4.3, 100, 0.000000, 0.000000, 1, '', '11:00', '21:00', '', 2, ''),
	(386, '2020-01-21 23:12:43', '2020-01-21 23:12:43', '星期五Friday', 4.3, 46, 0.000000, 0.000000, 1, '', '11:00', '21:00', '', 2, ''),
	(387, '2020-01-21 23:12:43', '2020-01-21 23:12:43', '钢管厂五区小郡肝串串香火锅（浦东店）', 2.6, 100, 0.000000, 0.000000, 1, '', '11:00', '21:00', '', 2, ''),
	(388, '2020-01-21 23:12:43', '2020-01-21 23:12:43', '壹号黄鱼面（天目中路店）', 0.3, 24, 0.000000, 0.000000, 1, '', '11:00', '21:00', '', 2, ''),
	(389, '2020-01-21 23:12:43', '2020-01-21 23:12:43', '重庆高老九火锅（静安大融城店）', 5.8, 120, 0.000000, 0.000000, 1, '', '11:00', '21:00', '', 2, ''),
	(390, '2020-01-21 23:12:43', '2020-01-21 23:12:43', 'the Frypan 韩国炸鸡·啤酒', 4.0, 69, 0.000000, 0.000000, 1, '', '11:00', '21:00', '', 2, ''),
	(391, '2020-01-21 23:12:43', '2020-01-21 23:12:43', '每日新鲜水果吧（大悦城店）', 2.5, 35, 0.000000, 0.000000, 1, '', '11:00', '21:00', '', 2, ''),
	(392, '2020-01-21 23:12:43', '2020-01-21 23:12:43', '大咀港式茶餐厅（万达广场宝山店）', 0.4, 68, 0.000000, 0.000000, 1, '', '11:00', '21:00', '', 2, ''),
	(393, '2020-01-21 23:12:43', '2020-01-21 23:12:43', '丰收日（光大店）', 0.7, 130, 0.000000, 0.000000, 1, '', '11:00', '21:00', '', 2, ''),
	(394, '2020-01-21 23:12:43', '2020-01-21 23:12:43', '小郡肝串串香火锅（宝山龙湖店）', 2.3, 83, 0.000000, 0.000000, 1, '', '11:00', '21:00', '', 2, ''),
	(395, '2020-01-21 23:12:43', '2020-01-21 23:12:43', '夫人花园·千岛湖鱼头馆（东鼎店）', 3.2, 106, 0.000000, 0.000000, 1, '', '11:00', '21:00', '', 2, ''),
	(396, '2020-01-21 23:12:43', '2020-01-21 23:12:43', 'THE BOUNDLESS WAY CAFE', 3.4, 44, 0.000000, 0.000000, 1, '', '11:00', '21:00', '', 2, ''),
	(397, '2020-01-21 23:12:43', '2020-01-21 23:12:43', '呷哺呷哺（五角场万达店）', 1.2, 64, 0.000000, 0.000000, 1, '', '11:00', '21:00', '', 2, ''),
	(398, '2020-01-21 23:12:43', '2020-01-21 23:12:43', '小辉哥火锅（百联嘉定购物中心店）', 2.0, 70, 0.000000, 0.000000, 1, '', '11:00', '21:00', '', 2, ''),
	(399, '2020-01-21 23:12:43', '2020-01-21 23:12:43', '小菜园新徽菜（松江万达店）', 0.4, 68, 0.000000, 0.000000, 1, '', '11:00', '21:00', '', 2, ''),
	(400, '2020-01-21 23:12:43', '2020-01-21 23:12:43', '赖胖子肉蟹煲（曹安公路店）', 1.8, 72, 0.000000, 0.000000, 1, '', '11:00', '21:00', '', 2, ''),
	(401, '2020-01-21 23:12:43', '2020-01-21 23:12:43', '钢管厂五区小郡肝串串香火锅（徐汇天钥桥路店）', 2.1, 102, 0.000000, 0.000000, 1, '', '11:00', '21:00', '', 2, ''),
	(402, '2020-01-21 23:12:43', '2020-01-21 23:12:43', 'Bunlife朋乐坊（嘉善路店）', 4.7, 58, 0.000000, 0.000000, 1, '', '11:00', '21:00', '', 2, ''),
	(403, '2020-01-21 23:12:43', '2020-01-21 23:12:43', '明洞王妃家·和牛专卖店（日月光中心广场店）', 5.6, 129, 0.000000, 0.000000, 1, '', '11:00', '21:00', '', 2, ''),
	(404, '2020-01-21 23:12:43', '2020-01-21 23:12:43', '一楽面屋（茂名店）', 1.6, 56, 0.000000, 0.000000, 1, '', '11:00', '21:00', '', 2, ''),
	(405, '2020-01-21 23:12:43', '2020-01-21 23:12:43', '汤先生汤馆（晶品店）', 3.3, 50, 0.000000, 0.000000, 1, '', '11:00', '21:00', '', 2, ''),
	(406, '2020-01-21 23:12:43', '2020-01-21 23:12:43', '麦旗工坊（解放西路店）', 5.6, 16, 0.000000, 0.000000, 1, '', '11:00', '21:00', '', 2, ''),
	(407, '2020-01-21 23:12:43', '2020-01-21 23:12:43', '百山·长白山烧烤料理（虹口龙之梦店）', 0.1, 93, 0.000000, 0.000000, 1, '', '11:00', '21:00', '', 2, ''),
	(408, '2020-01-21 23:12:43', '2020-01-21 23:12:43', '新石器烤肉·拌饭（置业广场店）', 1.8, 66, 0.000000, 0.000000, 1, '', '11:00', '21:00', '', 2, ''),
	(409, '2020-01-21 23:12:43', '2020-01-21 23:12:43', '上海小南国（仲盛世界商城店）', 2.7, 171, 0.000000, 0.000000, 1, '', '11:00', '21:00', '', 2, ''),
	(410, '2020-01-21 23:12:43', '2020-01-21 23:12:43', '宫谷日本料理（大拇指广场店）', 2.0, 105, 0.000000, 0.000000, 1, '', '11:00', '21:00', '', 2, ''),
	(411, '2020-01-21 23:12:43', '2020-01-21 23:12:43', '新石器烤肉（马陆大融城店）', 1.9, 82, 0.000000, 0.000000, 1, '', '11:00', '21:00', '', 2, ''),
	(412, '2020-01-21 23:12:43', '2020-01-21 23:12:43', 'XDD響丼丼鱼生饭の专门店（世纪汇店）', 3.5, 82, 0.000000, 0.000000, 1, '', '11:00', '21:00', '', 2, ''),
	(413, '2020-01-21 23:12:43', '2020-01-21 23:12:43', '喵呜屋炭火烤肉（第吾大道店）', 5.7, 63, 0.000000, 0.000000, 1, '', '11:00', '21:00', '', 2, ''),
	(414, '2020-01-21 23:12:43', '2020-01-21 23:12:43', '金牌小辉哥火锅（美罗城店）', 6.0, 121, 0.000000, 0.000000, 1, '', '11:00', '21:00', '', 2, ''),
	(415, '2020-01-21 23:12:43', '2020-01-21 23:12:43', '汤先生汤馆（晶品店）', 0.9, 50, 0.000000, 0.000000, 1, '', '11:00', '21:00', '', 2, ''),
	(416, '2020-01-21 23:12:43', '2020-01-21 23:12:43', 'Vgear薇歌音乐台菜馆（龙之梦店）', 4.6, 96, 0.000000, 0.000000, 1, '', '11:00', '21:00', '', 2, ''),
	(417, '2020-01-21 23:12:43', '2020-01-21 23:12:43', '85度C（金杨路店）', 2.5, 23, 0.000000, 0.000000, 1, '', '11:00', '21:00', '', 2, ''),
	(418, '2020-01-21 23:12:43', '2020-01-21 23:12:43', 'CoCo都可（金山万达二店）', 4.3, 13, 0.000000, 0.000000, 1, '', '11:00', '21:00', '', 2, ''),
	(419, '2020-01-21 23:12:43', '2020-01-21 23:12:43', '壹小馆·皇城老妈小火锅（凯德星贸店）', 2.4, 123, 0.000000, 0.000000, 1, '', '11:00', '21:00', '', 2, ''),
	(420, '2020-01-21 23:12:43', '2020-01-21 23:12:43', '多伦多海鲜自助餐厅（奉贤苏宁广场店）', 4.7, 88, 0.000000, 0.000000, 1, '', '11:00', '21:00', '', 2, ''),
	(421, '2020-01-21 23:12:43', '2020-01-21 23:12:43', '棒约翰比萨（大融城店）', 4.6, 56, 0.000000, 0.000000, 1, '', '11:00', '21:00', '', 2, ''),
	(422, '2020-01-21 23:12:43', '2020-01-21 23:12:43', '耶里夏丽（陆家嘴正大广场店）', 2.9, 80, 0.000000, 0.000000, 1, '', '11:00', '21:00', '', 2, ''),
	(423, '2020-01-21 23:12:43', '2020-01-21 23:12:43', '80后I Can海陆自助餐厅（中环百联店）', 0.8, 100, 0.000000, 0.000000, 1, '', '11:00', '21:00', '', 2, ''),
	(424, '2020-01-21 23:12:43', '2020-01-21 23:12:43', '大咀港式茶餐厅（浦江城市广场店）', 1.3, 69, 0.000000, 0.000000, 1, '', '11:00', '21:00', '', 2, ''),
	(425, '2020-01-21 23:12:43', '2020-01-21 23:12:43', '汉堡王（汇暻生活广场店）', 4.0, 33, 0.000000, 0.000000, 1, '', '11:00', '21:00', '', 2, ''),
	(426, '2020-01-21 23:12:43', '2020-01-21 23:12:43', '龙虾风暴（田林路店）', 4.2, 116, 0.000000, 0.000000, 1, '', '11:00', '21:00', '', 2, ''),
	(427, '2020-01-21 23:12:43', '2020-01-21 23:12:43', '七记烧烤（金桥店）', 2.9, 63, 0.000000, 0.000000, 1, '', '11:00', '21:00', '', 2, ''),
	(428, '2020-01-21 23:12:43', '2020-01-21 23:12:43', '70后饭吧（松江店）', 1.9, 60, 0.000000, 0.000000, 1, '', '11:00', '21:00', '', 2, ''),
	(429, '2020-01-21 23:12:43', '2020-01-21 23:12:43', '新石器烤肉（龙盛国际商业广场店）', 0.9, 64, 0.000000, 0.000000, 1, '', '11:00', '21:00', '', 2, ''),
	(430, '2020-01-21 23:12:43', '2020-01-21 23:12:43', '韩三爷铜炉涮锅', 4.8, 84, 0.000000, 0.000000, 1, '', '11:00', '21:00', '', 2, ''),
	(431, '2020-01-21 23:12:43', '2020-01-21 23:12:43', '溪雨观酸菜鱼（金杨路店）', 3.3, 58, 0.000000, 0.000000, 1, '', '11:00', '21:00', '', 2, ''),
	(432, '2020-01-21 23:12:43', '2020-01-21 23:12:43', '丰收日（龙之梦店）', 2.3, 131, 0.000000, 0.000000, 1, '', '11:00', '21:00', '', 2, ''),
	(433, '2020-01-21 23:12:43', '2020-01-21 23:12:43', '汉堡王（上海莘松路亚乐城店）', 1.2, 33, 0.000000, 0.000000, 1, '', '11:00', '21:00', '', 2, ''),
	(434, '2020-01-21 23:12:43', '2020-01-21 23:12:43', 'CoCo都可（维璟广场店）', 5.5, 13, 0.000000, 0.000000, 1, '', '11:00', '21:00', '', 2, ''),
	(435, '2020-01-21 23:12:43', '2020-01-21 23:12:43', '李奥斯汀蛋糕定制甜品桌商务茶歇（虹桥店）', 5.6, 693, 0.000000, 0.000000, 1, '', '11:00', '21:00', '', 2, ''),
	(436, '2020-01-21 23:12:43', '2020-01-21 23:12:43', 'CoCo都可（开元地中海店）', 5.5, 13, 0.000000, 0.000000, 1, '', '11:00', '21:00', '', 2, ''),
	(437, '2020-01-21 23:12:43', '2020-01-21 23:12:43', 'Mr·Zato（嘉定疁城新天地店）', 4.7, 92, 0.000000, 0.000000, 1, '', '11:00', '21:00', '', 2, ''),
	(438, '2020-01-21 23:12:43', '2020-01-21 23:12:43', 'DQ（青浦桥梓湾店）', 0.8, 28, 0.000000, 0.000000, 1, '', '11:00', '21:00', '', 2, ''),
	(439, '2020-01-21 23:12:43', '2020-01-21 23:12:43', '娄氏双喜老铺（大连路店）', 2.3, 30, 0.000000, 0.000000, 1, '', '11:00', '21:00', '', 2, ''),
	(440, '2020-01-21 23:12:43', '2020-01-21 23:12:43', 'CoCo都可（奥特莱斯店）', 2.8, 13, 0.000000, 0.000000, 1, '', '11:00', '21:00', '', 2, ''),
	(441, '2020-01-21 23:12:43', '2020-01-21 23:12:43', '汉堡王（上海美罗城店）', 1.3, 32, 0.000000, 0.000000, 1, '', '11:00', '21:00', '', 2, ''),
	(442, '2020-01-21 23:12:43', '2020-01-21 23:12:43', '巴黎贝甜（中山公园龙之梦店）', 4.2, 36, 0.000000, 0.000000, 1, '', '11:00', '21:00', '', 2, ''),
	(443, '2020-01-21 23:12:43', '2020-01-21 23:12:43', '肯德基（南桥宝龙店）', 5.0, 32, 0.000000, 0.000000, 1, '', '11:00', '21:00', '', 2, ''),
	(444, '2020-01-21 23:12:43', '2020-01-21 23:12:43', '汉堡王（华润五彩城店）', 0.4, 32, 0.000000, 0.000000, 1, '', '11:00', '21:00', '', 2, ''),
	(445, '2020-01-21 23:12:43', '2020-01-21 23:12:43', '哈根达斯（上海长泰广场店）', 4.9, 75, 0.000000, 0.000000, 1, '', '11:00', '21:00', '', 2, ''),
	(446, '2020-01-21 23:12:43', '2020-01-21 23:12:43', '掌上韩品（桃浦新邻店）', 5.4, 37, 0.000000, 0.000000, 1, '', '11:00', '21:00', '', 2, ''),
	(447, '2020-01-21 23:12:43', '2020-01-21 23:12:43', '味觉至上烤鸭火锅（天钥桥路店）', 0.1, 106, 0.000000, 0.000000, 1, '', '11:00', '21:00', '', 2, ''),
	(448, '2020-01-21 23:12:43', '2020-01-21 23:12:43', '沪小胖（长寿店）', 2.4, 175, 0.000000, 0.000000, 1, '', '11:00', '21:00', '', 2, ''),
	(449, '2020-01-21 23:12:43', '2020-01-21 23:12:43', '85度C（金桥佳邻坊店）', 5.9, 28, 0.000000, 0.000000, 1, '', '11:00', '21:00', '', 2, ''),
	(450, '2020-01-21 23:12:43', '2020-01-21 23:12:43', '佳家汤包（世纪汇店）', 4.1, 35, 0.000000, 0.000000, 1, '', '11:00', '21:00', '', 2, ''),
	(451, '2020-01-21 23:12:43', '2020-01-21 23:12:43', '龙虾风暴（梅花路店）', 2.9, 134, 0.000000, 0.000000, 1, '', '11:00', '21:00', '', 2, ''),
	(452, '2020-01-21 23:12:43', '2020-01-21 23:12:43', '呷哺呷哺（华润五彩城店）', 2.0, 49, 0.000000, 0.000000, 1, '', '11:00', '21:00', '', 2, ''),
	(453, '2020-01-21 23:12:43', '2020-01-21 23:12:43', '巨说还不错·音乐餐厅（96广场店）', 1.4, 132, 0.000000, 0.000000, 1, '', '11:00', '21:00', '', 2, ''),
	(454, '2020-01-21 23:12:43', '2020-01-21 23:12:43', '930私房菜（虬江路店）', 0.9, 84, 0.000000, 0.000000, 1, '', '11:00', '21:00', '', 2, ''),
	(455, '2020-01-21 23:12:43', '2020-01-21 23:12:43', '南小馆（人广来福士店）', 0.4, 90, 0.000000, 0.000000, 1, '', '11:00', '21:00', '', 2, ''),
	(456, '2020-01-21 23:12:43', '2020-01-21 23:12:43', '昭秦面工坊（莘庄南广场店）', 5.2, 25, 0.000000, 0.000000, 1, '', '11:00', '21:00', '', 2, ''),
	(457, '2020-01-21 23:12:43', '2020-01-21 23:12:43', '鲜の芙蕾pancake（维璟广场店）', 1.0, 24, 0.000000, 0.000000, 1, '', '11:00', '21:00', '', 2, ''),
	(458, '2020-01-21 23:12:43', '2020-01-21 23:12:43', '巴黎贝甜（新南路店）', 1.2, 32, 0.000000, 0.000000, 1, '', '11:00', '21:00', '', 2, ''),
	(459, '2020-01-21 23:12:43', '2020-01-21 23:12:43', '鱼酷活力烤鱼（五角场万达店）', 3.2, 76, 0.000000, 0.000000, 1, '', '11:00', '21:00', '', 2, ''),
	(460, '2020-01-21 23:12:43', '2020-01-21 23:12:43', 'Touch Bread泰奇面包（宝山u天地店）', 0.3, 25, 0.000000, 0.000000, 1, '', '11:00', '21:00', '', 2, ''),
	(461, '2020-01-21 23:12:43', '2020-01-21 23:12:43', '面包新语咖啡（合生汇店）', 4.1, 37, 0.000000, 0.000000, 1, '', '11:00', '21:00', '', 2, ''),
	(462, '2020-01-21 23:12:43', '2020-01-21 23:12:43', '避风塘（环球港店）', 1.4, 85, 0.000000, 0.000000, 1, '', '11:00', '21:00', '', 2, ''),
	(463, '2020-01-21 23:12:43', '2020-01-21 23:12:43', '1点点（环球港店）', 0.7, 16, 0.000000, 0.000000, 1, '', '11:00', '21:00', '', 2, ''),
	(464, '2020-01-21 23:12:43', '2020-01-21 23:12:43', '喜茶（芮欧百货店）', 5.5, 28, 0.000000, 0.000000, 1, '', '11:00', '21:00', '', 2, ''),
	(465, '2020-01-21 23:12:43', '2020-01-21 23:12:43', '喜茶（长宁来福士店）', 1.2, 28, 0.000000, 0.000000, 1, '', '11:00', '21:00', '', 2, ''),
	(466, '2020-01-21 23:12:43', '2020-01-21 23:12:43', '外婆家（百联又一城店）', 1.6, 67, 0.000000, 0.000000, 1, '', '11:00', '21:00', '', 2, ''),
	(467, '2020-01-21 23:12:43', '2020-01-21 23:12:43', '肯德基（青浦店）', 4.6, 31, 0.000000, 0.000000, 1, '', '11:00', '21:00', '', 2, ''),
	(468, '2020-01-21 23:12:43', '2020-01-21 23:12:43', '尚9·一滴水江景西餐厅', 5.8, 351, 0.000000, 0.000000, 1, '', '11:00', '21:00', '', 2, ''),
	(469, '2020-01-21 23:12:51', '2020-01-21 23:12:51', '波孚蛋糕', 3.5, 60, 0.000000, 0.000000, 1, '', '11:00', '21:00', '', 2, ''),
	(470, '2020-01-21 23:12:51', '2020-01-21 23:12:51', '老乡鸡（中山SOHO店）', 0.2, 35, 0.000000, 0.000000, 1, '', '11:00', '21:00', '', 2, ''),
	(471, '2020-01-21 23:12:51', '2020-01-21 23:12:51', '小杨生煎（香港名都店）', 2.4, 25, 0.000000, 0.000000, 1, '', '11:00', '21:00', '', 2, ''),
	(472, '2020-01-21 23:12:51', '2020-01-21 23:12:51', '蓝调烘焙生日蛋糕（曹路店）', 5.3, 20, 0.000000, 0.000000, 1, '', '11:00', '21:00', '', 2, ''),
	(473, '2020-01-21 23:12:51', '2020-01-21 23:12:51', '必胜客（吾悦广场店）', 1.3, 65, 0.000000, 0.000000, 1, '', '11:00', '21:00', '', 2, ''),
	(474, '2020-01-21 23:12:51', '2020-01-21 23:12:51', '% Arabica烘焙工坊', 2.5, 47, 0.000000, 0.000000, 1, '', '11:00', '21:00', '', 2, ''),
	(475, '2020-01-21 23:12:51', '2020-01-21 23:12:51', '1點點（百脑汇店）', 2.6, 16, 0.000000, 0.000000, 1, '', '11:00', '21:00', '', 2, ''),
	(476, '2020-01-21 23:12:51', '2020-01-21 23:12:51', '辛鱼季水煮鱼（四川北路店）', 5.6, 23, 0.000000, 0.000000, 1, '', '11:00', '21:00', '', 2, ''),
	(477, '2020-01-21 23:12:51', '2020-01-21 23:12:51', '嗨锅（浦东新大陆广场店）', 2.0, 115, 0.000000, 0.000000, 1, '', '11:00', '21:00', '', 2, ''),
	(478, '2020-01-21 23:12:51', '2020-01-21 23:12:51', '七欣天品蟹轩（大融城店）', 5.3, 131, 0.000000, 0.000000, 1, '', '11:00', '21:00', '', 2, ''),
	(479, '2020-01-21 23:12:51', '2020-01-21 23:12:51', '吉布鲁牛排海鲜自助（闵行维璟广场店）', 2.5, 128, 0.000000, 0.000000, 1, '', '11:00', '21:00', '', 2, ''),
	(480, '2020-01-21 23:12:51', '2020-01-21 23:12:51', '萌萌牛烤肉（宝山万达金街店）', 2.4, 61, 0.000000, 0.000000, 1, '', '11:00', '21:00', '', 2, ''),
	(481, '2020-01-21 23:12:51', '2020-01-21 23:12:51', '无限量自助烤肉火锅（江桥万达广场店）', 4.7, 49, 0.000000, 0.000000, 1, '', '11:00', '21:00', '', 2, ''),
	(482, '2020-01-21 23:12:51', '2020-01-21 23:12:51', '艾馋时尚自助烤肉火锅', 4.3, 78, 0.000000, 0.000000, 1, '', '11:00', '21:00', '', 2, ''),
	(483, '2020-01-21 23:12:51', '2020-01-21 23:12:51', '喜茶（正大广场店）', 1.3, 30, 0.000000, 0.000000, 1, '', '11:00', '21:00', '', 2, ''),
	(484, '2020-01-21 23:12:51', '2020-01-21 23:12:51', '喜茶（陆家嘴中心店）', 5.8, 29, 0.000000, 0.000000, 1, '', '11:00', '21:00', '', 2, ''),
	(485, '2020-01-21 23:12:51', '2020-01-21 23:12:51', '奈雪の茶（五角场万达店）', 1.1, 34, 0.000000, 0.000000, 1, '', '11:00', '21:00', '', 2, ''),
	(486, '2020-01-21 23:12:51', '2020-01-21 23:12:51', '焙伴蛋糕高端私人定制', 5.9, 182, 0.000000, 0.000000, 1, '', '11:00', '21:00', '', 2, ''),
	(487, '2020-01-21 23:12:51', '2020-01-21 23:12:51', '天辣（月星环球港店）', 2.2, 90, 0.000000, 0.000000, 1, '', '11:00', '21:00', '', 2, ''),
	(488, '2020-01-21 23:12:51', '2020-01-21 23:12:51', '蛙来哒（长宁龙之梦店）', 5.5, 100, 0.000000, 0.000000, 1, '', '11:00', '21:00', '', 2, ''),
	(489, '2020-01-21 23:12:51', '2020-01-21 23:12:51', 'Bean Pet Cafe 酷豆宠物咖啡', 2.7, 53, 0.000000, 0.000000, 1, '', '11:00', '21:00', '', 2, ''),
	(490, '2020-01-21 23:12:51', '2020-01-21 23:12:51', '姜虎东白丁烤肉店（江桥万达广场店）', 2.9, 107, 0.000000, 0.000000, 1, '', '11:00', '21:00', '', 2, ''),
	(491, '2020-01-21 23:12:51', '2020-01-21 23:12:51', '牛New寿喜烧（五角场店）', 0.5, 130, 0.000000, 0.000000, 1, '', '11:00', '21:00', '', 2, ''),
	(492, '2020-01-21 23:12:51', '2020-01-21 23:12:51', '上海大船酒店', 5.6, 114, 0.000000, 0.000000, 1, '', '11:00', '21:00', '', 2, ''),
	(493, '2020-01-21 23:12:51', '2020-01-21 23:12:51', '素满香素食自助餐厅·素宴', 2.8, 25, 0.000000, 0.000000, 1, '', '11:00', '21:00', '', 2, ''),
	(494, '2020-01-21 23:12:51', '2020-01-21 23:12:51', '海底捞火锅（高科东路店）', 3.1, 140, 0.000000, 0.000000, 1, '', '11:00', '21:00', '', 2, ''),
	(495, '2020-01-21 23:12:51', '2020-01-21 23:12:51', '昕潼自助烤肉火锅', 1.0, 55, 0.000000, 0.000000, 1, '', '11:00', '21:00', '', 2, ''),
	(496, '2020-01-21 23:12:51', '2020-01-21 23:12:51', '荣新馆（金汇四季3号店）', 1.8, 373, 0.000000, 0.000000, 1, '', '11:00', '21:00', '', 2, ''),
	(497, '2020-01-21 23:12:51', '2020-01-21 23:12:51', '重庆高老九火锅（嘉定万达店）', 5.9, 114, 0.000000, 0.000000, 1, '', '11:00', '21:00', '', 2, ''),
	(498, '2020-01-21 23:12:51', '2020-01-21 23:12:51', 'COMMUNE（五角场店）', 0.3, 91, 0.000000, 0.000000, 1, '', '11:00', '21:00', '', 2, ''),
	(499, '2020-01-21 23:12:51', '2020-01-21 23:12:51', '紫霞门韩国料理', 1.6, 132, 0.000000, 0.000000, 1, '', '11:00', '21:00', '', 2, ''),
	(500, '2020-01-21 23:12:51', '2020-01-21 23:12:51', 'Monkey King曼极金（晶品店）', 1.1, 150, 0.000000, 0.000000, 1, '', '11:00', '21:00', '', 2, '');
/*!40000 ALTER TABLE `shop` ENABLE KEYS */;

-- Dumping structure for table recsys.user
DROP TABLE IF EXISTS `user`;
CREATE TABLE IF NOT EXISTS `user` (
  `id` int(11) NOT NULL AUTO_INCREMENT,
  `telphone` varchar(50) COLLATE utf8_unicode_ci DEFAULT '',
  `password` varchar(200) COLLATE utf8_unicode_ci DEFAULT '',
  `nickname` varchar(50) COLLATE utf8_unicode_ci DEFAULT '',
  `gender` int(11) DEFAULT '0',
  `created` datetime DEFAULT CURRENT_TIMESTAMP,
  `updated` datetime DEFAULT CURRENT_TIMESTAMP ON UPDATE CURRENT_TIMESTAMP,
  PRIMARY KEY (`id`),
  UNIQUE KEY `telphone` (`telphone`)
) ENGINE=InnoDB AUTO_INCREMENT=4 DEFAULT CHARSET=utf8 COLLATE=utf8_unicode_ci;

-- Dumping data for table recsys.user: ~2 rows (approximately)
DELETE FROM `user`;
/*!40000 ALTER TABLE `user` DISABLE KEYS */;
INSERT INTO `user` (`id`, `telphone`, `password`, `nickname`, `gender`, `created`, `updated`) VALUES
	(1, '55', '$2a$10$qIh9RnEm0fUF5uXrPD954u0FygFBV9eO4fTu9LSCJV7zc1afXcNAe', 'wenjun', 1, '2020-01-03 14:37:03', '2020-01-03 14:37:03'),
	(2, '123', '$2a$10$5g3xCwLNljulTWG92Ttx8.RkiXJ7q2K8Gzlo.PKLbCnY3u9xqtP2W', 'yy', 2, '2020-01-03 19:36:15', '2020-01-03 19:36:15'),
	(3, '1', '$2a$10$33dFpbS4fGnCINjM.wlcmOji5BILsSUhtey6C3ZEsCWHZ64dxRmne', 'admin', 1, '2020-01-03 20:13:43', '2020-01-03 20:13:43');
/*!40000 ALTER TABLE `user` ENABLE KEYS */;

/*!40101 SET SQL_MODE=IFNULL(@OLD_SQL_MODE, '') */;
/*!40014 SET FOREIGN_KEY_CHECKS=IF(@OLD_FOREIGN_KEY_CHECKS IS NULL, 1, @OLD_FOREIGN_KEY_CHECKS) */;
/*!40101 SET CHARACTER_SET_CLIENT=@OLD_CHARACTER_SET_CLIENT */;
